Date,Open,High,Low,Close,Volume,Adjusted Close
2015-12-24,3691.709961,3696.870117,3684.129883,3691.709961,0.0,3691.709961
2015-12-23,3641.47998,3693.459961,3639.090088,3689.51001,0.0,3689.51001
2015-12-22,3629.320068,3637.550049,3589.709961,3614.719971,0.0,3614.719971
2015-12-21,3642.379883,3676.300049,3614.22998,3614.22998,0.0,3614.22998
2015-12-18,3660.5,3685.929932,3641.919922,3648.77002,0.0,3648.77002
2015-12-17,3673.060059,3709.840088,3669.280029,3676.090088,0.0,3676.090088
2015-12-16,3587.75,3636.530029,3574.679932,3615.449951,0.0,3615.449951
2015-12-15,3517.199951,3585.550049,3512.439941,3582.179932,0.0,3582.179932
2015-12-14,3552.689941,3572.159912,3489.040039,3492.899902,0.0,3492.899902
2015-12-11,3582.189941,3586.080078,3520.860107,3538.540039,0.0,3538.540039
2015-12-10,3580.969971,3600.75,3557.310059,3577.97998,0.0,3577.97998
2015-12-09,3620.5,3626.159912,3581.350098,3585.389893,0.0,3585.389893
2015-12-08,3664.169922,3665.02002,3601.139893,3616.97998,0.0,3616.97998
2015-12-07,3664.22998,3699.149902,3656.629883,3667.120117,0.0,3667.120117
2015-12-04,3637.669922,3653.080078,3616.949951,3641.280029,0.0,3641.280029
2015-12-03,3724.530029,3772.939941,3647.709961,3647.709961,0.0,3647.709961
2015-12-02,3743.439941,3754.01001,3724.840088,3732.939941,0.0,3732.939941
2015-12-01,3767.0,3773.72998,3733.860107,3744.100098,0.0,3744.100098
2015-11-30,3748.219971,3768.939941,3736.439941,3760.889893,0.0,3760.889893
2015-11-27,3744.280029,3772.050049,3733.580078,3752.790039,0.0,3752.790039
2015-11-26,3712.090088,3752.709961,3709.030029,3752.709961,0.0,3752.709961
2015-11-25,3677.399902,3727.98999,3671.629883,3708.689941,0.0,3708.689941
2015-11-24,3680.699951,3681.899902,3640.830078,3672.449951,0.0,3672.449951
2015-11-23,3697.439941,3716.350098,3680.0,3692.639893,0.0,3692.639893
2015-11-20,3706.179932,3714.820068,3681.120117,3702.620117,0.0,3702.620117
2015-11-19,3696.610107,3726.399902,3695.149902,3701.840088,0.0,3701.840088
2015-11-18,3674.620117,3692.52002,3672.310059,3683.379883,0.0,3683.379883
2015-11-17,3651.47998,3695.040039,3646.300049,3695.040039,0.0,3695.040039
2015-11-16,3585.080078,3638.530029,3582.01001,3632.439941,0.0,3632.439941
2015-11-13,3602.469971,3620.350098,3582.330078,3603.179932,0.0,3603.179932
2015-11-12,3651.379883,3666.060059,3599.860107,3609.23999,0.0,3609.23999
2015-11-11,3625.899902,3671.300049,3621.179932,3655.689941,0.0,3655.689941
2015-11-10,3624.76001,3633.439941,3594.280029,3612.969971,0.0,3612.969971
2015-11-09,3652.0,3659.290039,3618.830078,3623.840088,0.0,3623.840088
2015-11-06,3610.27002,3659.72998,3607.169922,3649.189941,0.0,3649.189941
2015-11-05,3628.51001,3628.679932,3593.97998,3600.23999,0.0,3600.23999
2015-11-04,3611.449951,3636.199951,3603.699951,3609.709961,0.0,3609.709961
2015-11-03,3620.709961,3625.790039,3600.620117,3609.800049,0.0,3609.800049
2015-11-02,3571.560059,3632.100098,3571.560059,3624.179932,0.0,3624.179932
2015-10-30,3594.370117,3611.090088,3575.52002,3600.199951,0.0,3600.199951
2015-10-29,3603.540039,3604.919922,3567.090088,3587.02002,0.0,3587.02002
2015-10-28,3528.790039,3581.48999,3526.870117,3579.360107,0.0,3579.360107
2015-10-27,3519.22998,3542.870117,3511.129883,3513.689941,0.0,3513.689941
2015-10-26,3517.189941,3536.439941,3503.850098,3526.030029,0.0,3526.030029
2015-10-23,3483.110107,3531.620117,3478.350098,3521.52002,0.0,3521.52002
2015-10-22,3407.110107,3470.409912,3405.060059,3462.300049,0.0,3462.300049
2015-10-21,3445.830078,3449.860107,3418.530029,3427.149902,0.0,3427.149902
2015-10-20,3439.459961,3460.370117,3423.439941,3434.0,0.0,3434.0
2015-10-19,3426.620117,3454.0,3425.350098,3439.419922,0.0,3439.419922
2015-10-16,3413.070068,3435.98999,3409.139893,3425.610107,0.0,3425.610107
2015-10-15,3401.540039,3404.419922,3383.72998,3399.620117,0.0,3399.620117
2015-10-14,3380.030029,3408.189941,3363.219971,3377.02002,0.0,3377.02002
2015-10-13,3421.030029,3421.030029,3372.719971,3396.550049,0.0,3396.550049
2015-10-12,3453.080078,3457.639893,3408.48999,3420.949951,0.0,3420.949951
2015-10-09,3461.379883,3464.580078,3431.649902,3442.77002,0.0,3442.77002
2015-10-08,3440.26001,3452.600098,3419.629883,3436.179932,0.0,3436.179932
2015-10-07,3465.850098,3487.300049,3434.719971,3440.02002,0.0,3440.02002
2015-10-06,3433.51001,3465.060059,3418.659912,3447.090088,0.0,3447.090088
2015-10-05,3389.25,3445.840088,3379.48999,3438.169922,0.0,3438.169922
2015-10-02,3356.169922,3384.090088,3291.949951,3342.929932,0.0,3342.929932
2015-10-01,3368.860107,3397.439941,3316.860107,3327.189941,0.0,3327.189941
2015-09-30,3340.040039,3358.709961,3324.26001,3344.5,0.0,3344.5
2015-09-29,3284.310059,3327.100098,3271.840088,3296.76001,0.0,3296.76001
2015-09-28,3376.139893,3387.820068,3317.830078,3317.889893,0.0,3317.889893
2015-09-25,3342.050049,3393.75,3337.790039,3378.52002,0.0,3378.52002
2015-09-24,3354.800049,3363.879883,3280.649902,3298.02002,0.0,3298.02002
2015-09-23,3343.51001,3381.280029,3322.51001,3354.850098,0.0,3354.850098
2015-09-22,3447.649902,3449.929932,3341.110107,3346.050049,0.0,3346.050049
2015-09-21,3418.080078,3462.98999,3411.280029,3446.419922,0.0,3446.419922
2015-09-18,3459.870117,3464.699951,3387.320068,3418.370117,0.0,3418.370117
2015-09-17,3489.449951,3491.120117,3464.209961,3466.959961,0.0,3466.959961
2015-09-16,3451.860107,3504.949951,3448.780029,3479.949951,0.0,3479.949951
2015-09-15,3414.610107,3434.469971,3383.110107,3423.340088,0.0,3423.340088
2015-09-14,3439.129883,3469.360107,3406.909912,3413.060059,0.0,3413.060059
2015-09-11,3472.01001,3472.01001,3423.320068,3434.169922,0.0,3434.169922
2015-09-10,3473.76001,3497.179932,3449.75,3465.580078,0.0,3465.580078
2015-09-09,3517.840088,3538.98999,3490.060059,3495.01001,0.0,3495.01001
2015-09-08,3427.810059,3488.070068,3427.810059,3451.22998,0.0,3451.22998
2015-09-07,3423.830078,3437.850098,3394.949951,3411.580078,0.0,3411.580078
2015-09-04,3440.929932,3442.169922,3386.699951,3398.659912,18509200.0,3398.659912
2015-09-03,3446.310059,3473.830078,3421.659912,3454.97998,0.0,3454.97998
2015-09-02,3410.409912,3437.600098,3381.350098,3410.399902,0.0,3410.399902
2015-09-01,3434.22998,3439.5,3364.98999,3387.689941,0.0,3387.689941
2015-08-31,3459.199951,3467.77002,3436.110107,3463.120117,0.0,3463.120117
2015-08-28,3457.879883,3461.330078,3419.030029,3461.330078,0.0,3461.330078
2015-08-27,3415.01001,3458.419922,3404.449951,3443.669922,0.0,3443.669922
2015-08-26,3369.389893,3406.629883,3311.580078,3346.189941,0.0,3346.189941
2015-08-25,3304.639893,3405.540039,3296.090088,3392.120117,0.0,3392.120117
2015-08-24,3318.459961,3352.830078,3175.25,3265.590088,0.0,3265.590088
2015-08-21,3494.879883,3535.810059,3437.22998,3437.22998,0.0,3437.22998
2015-08-20,3585.659912,3605.169922,3537.72998,3544.02002,0.0,3544.02002
2015-08-19,3643.310059,3647.060059,3597.429932,3597.429932,0.0,3597.429932
2015-08-18,3641.590088,3664.030029,3638.870117,3656.129883,0.0,3656.129883
2015-08-17,3670.310059,3680.800049,3620.459961,3647.060059,0.0,3647.060059
2015-08-14,3674.889893,3691.860107,3642.139893,3648.080078,0.0,3648.080078
2015-08-13,3682.060059,3705.310059,3664.879883,3672.350098,0.0,3672.350098
2015-08-12,3726.310059,3726.409912,3628.929932,3637.129883,0.0,3637.129883
2015-08-11,3795.120117,3797.0,3749.090088,3750.840088,0.0,3750.840088
2015-08-10,3814.090088,3815.659912,3776.189941,3808.969971,0.0,3808.969971
2015-08-07,3835.610107,3835.610107,3796.48999,3797.040039,0.0,3797.040039
2015-08-06,3847.550049,3853.209961,3834.909912,3841.47998,0.0,3841.47998
2015-08-05,3811.659912,3843.070068,3811.26001,3831.25,0.0,3831.25
2015-08-04,3796.600098,3804.0,3778.110107,3801.209961,0.0,3801.209961
2015-08-03,3769.879883,3802.879883,3766.899902,3799.340088,0.0,3799.340088
2015-07-31,3759.959961,3762.639893,3736.280029,3762.639893,0.0,3762.639893
2015-07-30,3729.719971,3732.870117,3704.449951,3726.850098,0.0,3726.850098
2015-07-29,3724.23999,3734.419922,3701.26001,3719.379883,0.0,3719.379883
2015-07-28,3704.610107,3726.25,3684.340088,3719.399902,0.0,3719.399902
2015-07-27,3752.110107,3757.060059,3699.590088,3701.379883,0.0,3701.379883
2015-07-24,3787.899902,3809.179932,3769.090088,3772.620117,0.0,3772.620117
2015-07-23,3827.110107,3827.110107,3788.090088,3802.379883,0.0,3802.379883
2015-07-22,3808.360107,3830.620117,3799.850098,3806.090088,0.0,3806.090088
2015-07-21,3852.120117,3859.699951,3816.969971,3822.620117,0.0,3822.620117
2015-07-20,3844.280029,3867.209961,3840.429932,3849.120117,0.0,3849.120117
2015-07-17,3845.580078,3851.01001,3828.22998,3834.350098,0.0,3834.350098
2015-07-16,3803.98999,3845.429932,3799.5,3836.469971,0.0,3836.469971
2015-07-15,3754.689941,3790.179932,3753.98999,3787.600098,0.0,3787.600098
2015-07-14,3746.810059,3756.25,3731.830078,3756.25,0.0,3756.25
2015-07-13,3707.0,3752.350098,3707.0,3748.870117,0.0,3748.870117
2015-07-10,3652.48999,3680.129883,3638.120117,3674.600098,0.0,3674.600098
2015-07-09,3514.350098,3596.570068,3513.149902,3589.219971,0.0,3589.219971
2015-07-08,3482.610107,3518.23999,3479.459961,3503.100098,0.0,3503.100098
2015-07-07,3549.189941,3549.189941,3480.120117,3480.860107,0.0,3480.860107
2015-07-06,3532.26001,3573.659912,3530.47998,3536.870117,0.0,3536.870117
2015-07-03,3621.0,3625.469971,3576.879883,3591.969971,0.0,3591.969971
2015-07-02,3647.040039,3655.409912,3621.899902,3624.27002,0.0,3624.27002
2015-07-01,3610.840088,3667.050049,3589.850098,3641.090088,0.0,3641.090088
2015-06-30,3604.51001,3632.439941,3574.699951,3574.699951,0.0,3574.699951
2015-06-29,3550.639893,3660.52002,3550.639893,3621.090088,0.0,3621.090088
2015-06-26,3693.429932,3736.929932,3683.429932,3719.439941,0.0,3719.439941
2015-06-25,3687.340088,3742.689941,3685.909912,3711.310059,0.0,3711.310059
2015-06-24,3742.719971,3750.879883,3704.72998,3719.879883,0.0,3719.879883
2015-06-23,3710.800049,3763.0,3700.159912,3744.679932,0.0,3744.679932
2015-06-22,3649.300049,3683.0,3638.219971,3679.439941,0.0,3679.439941
2015-06-19,3585.860107,3627.929932,3581.100098,3589.070068,0.0,3589.070068
2015-06-18,3557.300049,3584.149902,3518.469971,3584.110107,0.0,3584.110107
2015-06-17,3595.199951,3606.050049,3553.879883,3567.51001,0.0,3567.51001
2015-06-16,3547.909912,3599.820068,3526.090088,3591.25,0.0,3591.25
2015-06-15,3590.939941,3598.600098,3569.909912,3573.189941,0.0,3573.189941
2015-06-12,3662.899902,3664.889893,3606.969971,3631.76001,0.0,3631.76001
2015-06-11,3663.290039,3701.22998,3655.75,3672.070068,0.0,3672.070068
2015-06-10,3605.850098,3669.810059,3597.310059,3663.76001,0.0,3663.76001
2015-06-09,3606.23999,3621.639893,3568.629883,3609.879883,0.0,3609.879883
2015-06-08,3653.439941,3655.98999,3621.889893,3621.889893,0.0,3621.889893
2015-06-05,3676.199951,3677.76001,3632.189941,3646.689941,0.0,3646.689941
2015-06-04,3708.550049,3716.969971,3664.26001,3692.070068,0.0,3692.070068
2015-06-03,3710.51001,3750.199951,3702.590088,3721.76001,0.0,3721.76001
2015-06-02,3711.939941,3713.550049,3666.73999,3689.590088,0.0,3689.590088
2015-06-01,3717.969971,3728.98999,3694.919922,3700.429932,0.0,3700.429932
2015-05-29,3754.590088,3757.949951,3707.969971,3708.659912,0.0,3708.659912
2015-05-28,3743.530029,3761.399902,3733.590088,3753.620117,0.0,3753.620117
2015-05-27,3722.76001,3766.129883,3712.51001,3761.090088,0.0,3761.090088
2015-05-26,3741.389893,3755.209961,3706.530029,3714.719971,0.0,3714.719971
2015-05-25,3762.52002,3763.620117,3737.040039,3746.300049,3517400.0,3746.300049
2015-05-22,3763.47998,3778.340088,3757.02002,3765.899902,0.0,3765.899902
2015-05-21,3746.199951,3762.080078,3739.370117,3762.080078,0.0,3762.080078
2015-05-20,3746.77002,3759.100098,3732.949951,3752.090088,0.0,3752.090088
2015-05-19,3698.709961,3745.120117,3697.5,3741.679932,0.0,3741.679932
2015-05-18,3676.27002,3693.590088,3640.840088,3685.780029,0.0,3685.780029
2015-05-15,3690.159912,3704.780029,3660.48999,3674.050049,0.0,3674.050049
2015-05-14,3648.97998,3687.02002,3634.280029,3679.899902,0.0,3679.899902
2015-05-13,3680.409912,3696.97998,3650.280029,3657.909912,0.0,3657.909912
2015-05-12,3685.050049,3694.290039,3650.840088,3670.560059,0.0,3670.560059
2015-05-11,3669.27002,3693.449951,3665.179932,3687.189941,0.0,3687.189941
2015-05-08,3625.840088,3656.179932,3603.820068,3652.870117,0.0,3652.870117
2015-05-07,3581.27002,3593.060059,3532.389893,3585.26001,0.0,3585.26001
2015-05-06,3593.919922,3607.659912,3569.52002,3589.0,0.0,3589.0
2015-05-05,3668.780029,3697.149902,3599.649902,3600.199951,0.0,3600.199951
2015-05-04,3671.26001,3690.790039,3651.25,3672.52002,0.0,3672.52002
2015-05-01,3640.0,3657.0,3617.5,3630.0,0.0,3630.0
2015-04-30,3687.199951,3708.939941,3660.02002,3674.179932,0.0,3674.179932
2015-04-29,3790.169922,3802.22998,3703.429932,3703.429932,0.0,3703.429932
2015-04-28,3841.409912,3843.73999,3775.409912,3802.25,0.0,3802.25
2015-04-27,3802.679932,3850.22998,3772.120117,3844.26001,0.0,3844.26001
2015-04-24,3796.409912,3807.540039,3774.040039,3800.129883,0.0,3800.129883
2015-04-23,3797.949951,3806.199951,3756.77002,3786.280029,0.0,3786.280029
2015-04-22,3824.02002,3841.350098,3774.929932,3794.290039,0.0,3794.290039
2015-04-21,3841.889893,3868.909912,3808.159912,3828.360107,0.0,3828.360107
2015-04-20,3798.110107,3835.100098,3798.110107,3826.280029,0.0,3826.280029
2015-04-17,3850.899902,3862.199951,3779.72998,3785.48999,0.0,3785.48999
2015-04-16,3890.600098,3891.179932,3855.590088,3859.429932,0.0,3859.429932
2015-04-15,3894.110107,3903.649902,3883.820068,3895.02002,0.0,3895.02002
2015-04-14,3895.300049,3910.330078,3872.850098,3888.860107,0.0,3888.860107
2015-04-13,3902.629883,3908.76001,3891.899902,3902.73999,0.0,3902.73999
2015-04-10,3880.439941,3905.709961,3879.02002,3905.709961,0.0,3905.709961
2015-04-09,3839.76001,3871.659912,3838.290039,3871.659912,0.0,3871.659912
2015-04-08,3838.389893,3853.02002,3827.790039,3831.090088,0.0,3831.090088
2015-04-07,3795.02002,3846.48999,3781.060059,3839.110107,0.0,3839.110107
2015-04-02,3745.179932,3773.310059,3744.879883,3773.310059,0.0,3773.310059
2015-04-01,3717.860107,3774.360107,3716.550049,3742.620117,0.0,3742.620117
2015-03-31,3758.25,3779.75,3722.219971,3725.820068,0.0,3725.820068
2015-03-30,3724.48999,3765.860107,3716.01001,3762.899902,0.0,3762.899902
2015-03-27,3712.350098,3734.070068,3700.820068,3712.810059,0.0,3712.810059
2015-03-26,3716.389893,3721.469971,3668.25,3703.129883,0.0,3703.129883
2015-03-25,3760.780029,3776.889893,3740.649902,3745.129883,0.0,3745.129883
2015-03-24,3739.189941,3773.560059,3733.860107,3765.409912,0.0,3765.409912
2015-03-23,3763.379883,3763.379883,3730.620117,3751.580078,0.0,3751.580078
2015-03-20,3735.409912,3772.100098,3735.409912,3765.800049,0.0,3765.800049
2015-03-19,3728.919922,3745.199951,3719.699951,3734.350098,0.0,3734.350098
2015-03-18,3732.139893,3738.419922,3712.560059,3727.919922,0.0,3727.919922
2015-03-17,3781.0,3786.100098,3719.560059,3735.879883,0.0,3735.879883
2015-03-16,3729.870117,3775.75,3729.870117,3770.47998,0.0,3770.47998
2015-03-13,3724.790039,3730.909912,3714.850098,3728.330078,0.0,3728.330078
2015-03-12,3720.199951,3733.590088,3709.840088,3716.179932,0.0,3716.179932
2015-03-11,3677.419922,3724.409912,3675.540039,3719.780029,0.0,3719.780029
2015-03-10,3707.629883,3719.530029,3669.459961,3669.459961,0.0,3669.459961
2015-03-09,3716.300049,3722.679932,3699.47998,3713.649902,0.0,3713.649902
2015-03-06,3725.590088,3753.47998,3722.899902,3732.580078,0.0,3732.580078
2015-03-05,3700.949951,3735.709961,3697.219971,3731.379883,0.0,3731.379883
2015-03-04,3674.659912,3702.159912,3669.370117,3702.159912,0.0,3702.159912
2015-03-03,3713.409912,3720.949951,3665.27002,3667.25,0.0,3667.25
2015-03-02,3709.97998,3729.610107,3703.929932,3713.389893,0.0,3713.389893
2015-02-27,3700.290039,3714.439941,3681.22998,3714.439941,0.0,3714.439941
2015-02-26,3674.5,3713.840088,3673.580078,3713.840088,0.0,3713.840088
2015-02-25,3668.350098,3688.949951,3660.570068,3672.080078,0.0,3672.080078
2015-02-24,3660.389893,3670.439941,3637.659912,3666.800049,0.0,3666.800049
2015-02-23,3647.919922,3658.120117,3640.330078,3658.120117,0.0,3658.120117
2015-02-20,3612.97998,3624.699951,3600.429932,3624.699951,0.0,3624.699951
2015-02-19,3585.73999,3624.969971,3572.399902,3624.969971,0.0,3624.969971
2015-02-18,3580.189941,3602.179932,3579.350098,3595.820068,0.0,3595.820068
2015-02-17,3553.959961,3573.590088,3533.439941,3573.590088,0.0,3573.590088
2015-02-16,3572.26001,3575.550049,3557.929932,3562.389893,0.0,3562.389893
2015-02-13,3571.01001,3587.810059,3567.02002,3575.540039,0.0,3575.540039
2015-02-12,3541.540039,3574.100098,3540.870117,3566.909912,0.0,3566.909912
2015-02-11,3536.439941,3551.959961,3530.330078,3537.860107,0.0,3537.860107
2015-02-10,3516.790039,3552.800049,3502.98999,3543.840088,0.0,3543.840088
2015-02-09,3528.050049,3529.040039,3488.72998,3511.570068,0.0,3511.570068
2015-02-06,3552.050049,3557.290039,3533.459961,3549.959961,0.0,3549.959961
2015-02-05,3537.409912,3568.370117,3531.379883,3557.189941,0.0,3557.189941
2015-02-04,3551.030029,3565.790039,3542.219971,3565.790039,0.0,3565.790039
2015-02-03,3547.25,3572.389893,3542.469971,3557.030029,0.0,3557.030029
2015-02-02,3535.159912,3553.459961,3510.02002,3538.52002,0.0,3538.52002
2015-01-30,3554.879883,3562.550049,3520.139893,3530.310059,0.0,3530.310059
2015-01-29,3511.929932,3549.290039,3511.899902,3548.389893,0.0,3548.389893
2015-01-28,3544.129883,3545.780029,3504.340088,3541.209961,0.0,3541.209961
2015-01-27,3551.780029,3565.830078,3516.110107,3530.800049,0.0,3530.800049
2015-01-26,3495.02002,3551.899902,3492.76001,3549.959961,0.0,3549.959961
2015-01-23,3477.070068,3532.429932,3471.76001,3504.610107,0.0,3504.610107
2015-01-22,3425.310059,3462.939941,3397.800049,3456.949951,0.0,3456.949951
2015-01-21,3405.23999,3421.969971,3389.360107,3421.969971,0.0,3421.969971
2015-01-20,3401.830078,3416.27002,3394.01001,3403.040039,0.0,3403.040039
2015-01-19,3372.02002,3403.72998,3363.429932,3395.919922,0.0,3395.919922
2015-01-16,3304.389893,3368.790039,3304.389893,3368.379883,0.0,3368.379883
2015-01-15,3291.659912,3321.070068,3226.280029,3318.75,0.0,3318.75
2015-01-14,3281.949951,3309.709961,3258.449951,3274.030029,0.0,3274.030029
2015-01-13,3252.709961,3323.709961,3252.070068,3309.639893,0.0,3309.639893
2015-01-12,3259.459961,3285.699951,3231.699951,3257.97998,0.0,3257.97998
2015-01-09,3274.530029,3297.290039,3228.919922,3248.189941,0.0,3248.189941
2015-01-08,3235.790039,3283.219971,3231.27002,3283.219971,0.0,3283.219971
2015-01-07,3212.629883,3213.590088,3186.73999,3193.830078,0.0,3193.830078
2015-01-06,3213.47998,3226.409912,3189.47998,3190.23999,0.0,3190.23999
2015-01-05,3270.350098,3306.169922,3205.26001,3208.149902,0.0,3208.149902
2015-01-02,3297.050049,3302.899902,3266.76001,3281.610107,0.0,3281.610107
2014-12-31,3262.889893,3287.949951,3262.889893,3285.26001,0.0,3285.26001
2014-12-30,3305.199951,3307.22998,3276.409912,3276.409912,0.0,3276.409912
2014-12-29,3302.080078,3315.76001,3281.449951,3315.129883,0.0,3315.129883
2014-12-24,3309.350098,3315.780029,3306.530029,3306.810059,0.0,3306.810059
2014-12-23,3284.76001,3319.709961,3284.76001,3319.709961,0.0,3319.709961
2014-12-22,3273.679932,3295.120117,3273.679932,3283.47998,0.0,3283.47998
2014-12-19,3271.48999,3288.610107,3245.399902,3278.689941,25550200.0,3278.689941
2014-12-18,3207.5,3248.620117,3200.570068,3248.620117,19796400.0,3248.620117
2014-12-17,3149.159912,3179.939941,3130.25,3169.830078,15420000.0,3169.830078
2014-12-16,3129.889893,3178.310059,3088.449951,3178.310059,24653300.0,3178.310059
2014-12-15,3171.560059,3198.649902,3117.580078,3121.810059,16900800.0,3121.810059
2014-12-12,3245.0,3245.0,3174.030029,3177.219971,14433700.0,3177.219971
2014-12-11,3252.560059,3278.580078,3247.389893,3261.959961,12399900.0,3261.959961
2014-12-10,3270.02002,3286.820068,3244.22998,3254.780029,11193900.0,3254.780029
2014-12-09,3300.060059,3308.969971,3249.22998,3254.51001,14810500.0,3254.51001
2014-12-08,3321.25,3335.790039,3316.649902,3324.669922,8516900.0,3324.669922
2014-12-05,3298.639893,3335.689941,3298.639893,3335.689941,14449100.0,3335.689941
2014-12-04,3300.790039,3318.370117,3264.100098,3268.360107,14324300.0,3268.360107
2014-12-03,3282.330078,3306.040039,3282.330078,3296.679932,8713000.0,3296.679932
2014-12-02,3284.179932,3297.899902,3268.360107,3283.919922,9991900.0,3283.919922
2014-12-01,3273.26001,3284.310059,3262.189941,3277.209961,10076500.0,3277.209961
2014-11-28,3286.98999,3293.530029,3266.800049,3287.909912,13001200.0,3287.909912
2014-11-27,3270.669922,3285.560059,3267.73999,3284.27002,10246100.0,3284.27002
2014-11-26,3263.649902,3271.040039,3253.449951,3263.810059,11681600.0,3263.810059
2014-11-25,3239.050049,3276.409912,3237.310059,3263.97998,17287500.0,3263.97998
2014-11-24,3237.629883,3260.320068,3237.48999,3243.850098,11038100.0,3243.850098
2014-11-21,3196.379883,3240.23999,3192.040039,3235.22998,19808500.0,3235.22998
2014-11-20,3210.320068,3210.320068,3178.860107,3193.23999,11316800.0,3193.23999
2014-11-19,3199.030029,3211.719971,3192.52002,3211.01001,9728300.0,3211.01001
2014-11-18,3165.070068,3202.560059,3164.330078,3200.01001,11073800.0,3200.01001
2014-11-17,3141.300049,3176.969971,3141.050049,3169.879883,10291200.0,3169.879883
2014-11-14,3166.449951,3169.610107,3146.149902,3162.449951,10675300.0,3162.449951
2014-11-13,3157.600098,3177.23999,3146.909912,3161.429932,13548200.0,3161.429932
2014-11-12,3166.25,3169.879883,3135.389893,3139.639893,14689300.0,3139.639893
2014-11-11,3169.350098,3187.780029,3167.419922,3176.040039,9609700.0,3176.040039
2014-11-10,3140.570068,3166.129883,3140.570068,3166.129883,10816900.0,3166.129883
2014-11-07,3177.669922,3185.060059,3133.719971,3144.590088,13679600.0,3144.590088
2014-11-06,3151.879883,3193.459961,3140.360107,3163.889893,19102900.0,3163.889893
2014-11-05,3137.209961,3162.0,3128.52002,3159.830078,15803600.0,3159.830078
2014-11-04,3126.699951,3152.199951,3107.949951,3111.959961,14141800.0,3111.959961
2014-11-03,3151.560059,3152.52002,3117.26001,3123.899902,14246600.0,3123.899902
2014-10-31,3133.189941,3165.719971,3120.350098,3157.149902,19177800.0,3157.149902
2014-10-30,3126.98999,3135.050049,3068.560059,3120.709961,14785400.0,3120.709961
2014-10-29,3120.050049,3133.389893,3110.100098,3117.580078,14589100.0,3117.580078
2014-10-28,3080.169922,3113.409912,3080.169922,3110.320068,14773300.0,3110.320068
2014-10-27,3097.280029,3100.459961,3046.810059,3062.629883,12872500.0,3062.629883
2014-10-24,3073.360107,3081.72998,3061.610107,3077.810059,33639500.0,3077.810059
2014-10-23,3058.0,3080.969971,3031.26001,3071.409912,13783100.0,3071.409912
2014-10-22,3037.340088,3061.75,3020.689941,3061.75,14409400.0,3061.75
2014-10-21,2964.060059,3031.449951,2955.540039,3031.449951,16119700.0,3031.449951
2014-10-20,2991.070068,2996.23999,2951.73999,2969.959961,16200500.0,2969.959961
2014-10-17,2899.030029,2987.929932,2872.330078,2987.929932,28558800.0,2987.929932
2014-10-16,2922.5,2939.050049,2809.310059,2887.72998,32078300.0,2887.72998
2014-10-15,3013.139893,3019.850098,2915.580078,2915.580078,24226900.0,2915.580078
2014-10-14,3007.629883,3020.649902,2968.370117,3015.370117,14986400.0,3015.370117
2014-10-13,3007.969971,3036.169922,3000.659912,3019.530029,14772900.0,3019.530029
2014-10-10,3074.719971,3083.669922,3039.790039,3041.98999,19222600.0,3041.98999
2014-10-09,3126.98999,3130.040039,3078.679932,3092.709961,17542300.0,3092.709961
2014-10-08,3111.439941,3115.899902,3092.27002,3100.040039,13031800.0,3100.040039
2014-10-07,3168.689941,3168.689941,3120.47998,3122.080078,13688600.0,3122.080078
2014-10-06,3181.899902,3189.370117,3165.699951,3170.649902,9582400.0,3170.649902
2014-10-03,3150.830078,3176.570068,3146.560059,3169.719971,12460900.0,3169.719971
2014-10-02,3193.899902,3195.120117,3131.840088,3131.840088,16775300.0,3131.840088
2014-10-01,3214.409912,3228.370117,3194.679932,3198.610107,13777800.0,3198.610107
2014-09-30,3204.050049,3229.01001,3194.379883,3221.399902,15538300.0,3221.399902
2014-09-29,3206.689941,3213.060059,3181.77002,3198.25,10547100.0,3198.25
2014-09-26,3198.110107,3216.139893,3176.830078,3206.48999,11122300.0,3206.48999
2014-09-25,3206.110107,3230.870117,3192.459961,3196.899902,14321200.0,3196.899902
2014-09-24,3195.350098,3207.75,3184.320068,3207.75,12171900.0,3207.75
2014-09-23,3217.560059,3218.530029,3179.590088,3189.409912,13611500.0,3189.409912
2014-09-22,3212.370117,3229.370117,3209.820068,3220.439941,9115200.0,3220.439941
2014-09-19,3224.840088,3235.459961,3220.300049,3220.399902,21069700.0,3220.399902
2014-09-18,3183.100098,3208.219971,3183.100098,3208.219971,12376200.0,3208.219971
2014-09-17,3180.399902,3190.780029,3177.469971,3183.399902,11147500.0,3183.399902
2014-09-16,3179.52002,3180.590088,3157.669922,3167.459961,9349500.0,3167.459961
2014-09-15,3165.800049,3185.810059,3164.469971,3182.139893,9973300.0,3182.139893
2014-09-12,3183.060059,3183.389893,3165.47998,3172.76001,8589000.0,3172.76001
2014-09-11,3189.540039,3192.02002,3165.560059,3175.419922,8236400.0,3175.419922
2014-09-10,3182.280029,3187.110107,3171.469971,3184.179932,8242100.0,3184.179932
2014-09-09,3200.409912,3212.060059,3188.379883,3190.23999,9271500.0,3190.23999
2014-09-08,3218.030029,3223.320068,3201.209961,3208.659912,9156100.0,3208.659912
2014-09-05,3216.620117,3224.899902,3208.090088,3220.179932,12828700.0,3220.179932
2014-09-04,3183.860107,3232.439941,3181.600098,3222.830078,14613000.0,3222.830078
2014-09-03,3184.149902,3206.530029,3183.810059,3186.76001,12234700.0,3186.76001
2014-09-02,3184.879883,3186.75,3163.399902,3177.879883,9029500.0,3177.879883
2014-09-01,3194.429932,3198.459961,3168.659912,3180.689941,8955100.0,3180.689941
2014-08-29,3201.060059,3202.649902,3169.97998,3192.719971,11701700.0,3192.719971
2014-08-28,3199.889893,3203.370117,3184.76001,3196.560059,11124100.0,3196.560059
2014-08-27,3197.969971,3212.439941,3196.689941,3210.070068,9247600.0,3210.070068
2014-08-26,3179.550049,3204.199951,3174.129883,3203.76001,12242200.0,3203.76001
2014-08-25,3183.5,3187.98999,3163.959961,3186.610107,8362700.0,3186.610107
2014-08-22,3172.560059,3178.350098,3145.5,3163.22998,9324800.0,3163.22998
2014-08-21,3147.830078,3171.320068,3141.449951,3171.320068,11396200.0,3171.320068
2014-08-20,3158.290039,3159.679932,3132.439941,3146.330078,14316100.0,3146.330078
2014-08-19,3154.050049,3168.01001,3150.98999,3163.919922,7281800.0,3163.919922
2014-08-18,3132.080078,3147.110107,3128.899902,3146.669922,7895400.0,3146.669922
2014-08-15,3115.570068,3139.629883,3099.379883,3106.449951,12891600.0,3106.449951
2014-08-14,3100.919922,3113.800049,3090.070068,3109.830078,10732700.0,3109.830078
2014-08-13,3079.629883,3108.939941,3079.27002,3102.959961,11202100.0,3102.959961
2014-08-12,3072.080078,3081.600098,3062.97998,3071.149902,9805900.0,3071.149902
2014-08-11,3055.899902,3080.929932,3052.310059,3074.350098,10461200.0,3074.350098
2014-08-08,3031.219971,3046.149902,3017.899902,3035.959961,13635700.0,3035.959961
2014-08-07,3067.659912,3077.919922,3051.459961,3055.959961,16866000.0,3055.959961
2014-08-06,3063.100098,3066.100098,3028.580078,3057.370117,14302100.0,3057.370117
2014-08-05,3073.810059,3090.429932,3064.570068,3067.629883,10995500.0,3067.629883
2014-08-04,3066.550049,3076.899902,3056.070068,3062.449951,12297200.0,3062.449951
2014-08-01,3097.179932,3104.76001,3052.52002,3060.48999,18237900.0,3060.48999
2014-07-31,3132.169922,3136.340088,3089.860107,3098.73999,19660500.0,3098.73999
2014-07-30,3152.25,3155.290039,3119.209961,3124.830078,15118800.0,3124.830078
2014-07-29,3165.0,3187.76001,3138.699951,3155.159912,13850400.0,3155.159912
2014-07-28,3174.399902,3174.399902,3146.379883,3162.560059,10463100.0,3162.560059
2014-07-25,3191.409912,3198.030029,3160.51001,3167.27002,11450200.0,3167.27002
2014-07-24,3177.790039,3199.840088,3166.77002,3195.530029,8938400.0,3195.530029
2014-07-23,3163.52002,3187.780029,3162.340088,3177.0,7910200.0,3177.0
2014-07-22,3137.25,3165.26001,3131.48999,3163.810059,8844300.0,3163.810059
2014-07-21,3133.909912,3135.929932,3112.399902,3123.840088,9865800.0,3123.840088
2014-07-18,3114.300049,3130.02002,3099.919922,3129.23999,10655000.0,3129.23999
2014-07-17,3150.850098,3150.850098,3122.47998,3125.300049,12369000.0,3125.300049
2014-07-16,3125.439941,3159.080078,3124.850098,3158.639893,10304700.0,3158.639893
2014-07-15,3118.23999,3127.429932,3107.620117,3115.379883,10765400.0,3115.379883
2014-07-14,3094.889893,3122.23999,3094.209961,3118.949951,7813000.0,3118.949951
2014-07-11,3101.409912,3108.570068,3080.949951,3089.070068,9556700.0,3089.070068
2014-07-10,3126.02002,3127.27002,3078.439941,3097.189941,12303500.0,3097.189941
2014-07-09,3129.129883,3132.300049,3111.550049,3127.659912,11597600.0,3127.659912
2014-07-08,3163.580078,3163.580078,3125.060059,3125.060059,11384300.0,3125.060059
2014-07-07,3177.26001,3185.689941,3157.399902,3159.719971,8587200.0,3159.719971
2014-07-04,3190.310059,3195.75,3180.120117,3180.120117,8542200.0,3180.120117
2014-07-03,3171.179932,3199.75,3165.669922,3197.429932,12437200.0,3197.429932
2014-07-02,3152.689941,3168.179932,3150.620117,3166.290039,12011100.0,3166.290039
2014-07-01,3130.590088,3152.560059,3126.840088,3151.820068,9818300.0,3151.820068
2014-06-30,3133.909912,3144.350098,3119.449951,3127.209961,12865300.0,3127.209961
2014-06-27,3131.72998,3139.889893,3123.110107,3129.879883,11832200.0,3129.879883
2014-06-26,3122.550049,3137.75,3112.290039,3128.879883,14282500.0,3128.879883
2014-06-25,3126.129883,3126.129883,3100.909912,3115.429932,17187000.0,3115.429932
2014-06-24,3148.090088,3156.73999,3140.379883,3145.439941,10301700.0,3145.439941
2014-06-23,3165.639893,3165.879883,3136.48999,3149.100098,9305000.0,3149.100098
2014-06-20,3173.780029,3176.300049,3160.26001,3166.149902,17842500.0,3166.149902
2014-06-19,3177.379883,3181.820068,3170.580078,3172.780029,12660100.0,3172.780029
2014-06-18,3160.199951,3166.340088,3149.929932,3150.75,9225800.0,3150.75
2014-06-17,3152.129883,3159.030029,3143.300049,3158.909912,9769200.0,3158.909912
2014-06-16,3142.26001,3152.189941,3135.459961,3141.830078,10004000.0,3141.830078
2014-06-13,3164.629883,3165.22998,3134.530029,3151.840088,10502000.0,3151.840088
2014-06-12,3176.070068,3176.070068,3164.540039,3167.929932,12014200.0,3167.929932
2014-06-11,3189.01001,3196.179932,3175.320068,3178.169922,11811500.0,3178.169922
2014-06-10,3174.02002,3186.070068,3164.709961,3186.070068,9332400.0,3186.070068
2014-06-09,3174.840088,3177.679932,3167.550049,3176.590088,6677900.0,3176.590088
2014-06-06,3160.929932,3173.860107,3148.310059,3171.51001,11276100.0,3171.51001
2014-06-05,3145.27002,3167.629883,3132.580078,3152.340088,13519800.0,3152.340088
2014-06-04,3141.0,3155.149902,3135.899902,3142.929932,9719100.0,3142.929932
2014-06-03,3161.610107,3166.149902,3140.25,3142.580078,10802800.0,3142.580078
2014-06-02,3168.080078,3168.080078,3155.659912,3160.560059,9381600.0,3160.560059
2014-05-30,3161.52002,3164.780029,3153.75,3159.100098,20297700.0,3159.100098
2014-05-29,3160.939941,3166.360107,3154.709961,3162.090088,6381000.0,3162.090088
2014-05-28,3145.429932,3161.850098,3135.550049,3161.850098,10136100.0,3161.850098
2014-05-27,3145.060059,3157.070068,3142.120117,3153.969971,9357500.0,3153.969971
2014-05-26,3131.27002,3145.610107,3126.469971,3145.610107,7172200.0,3145.610107
2014-05-23,3128.870117,3130.550049,3114.159912,3129.860107,9555500.0,3129.860107
2014-05-22,3130.179932,3136.129883,3120.449951,3128.26001,14882000.0,3128.26001
2014-05-21,3101.080078,3119.76001,3090.889893,3118.459961,11354900.0,3118.459961
2014-05-20,3108.129883,3116.889893,3098.98999,3105.360107,9669200.0,3105.360107
2014-05-19,3093.25,3109.75,3086.02002,3105.370117,13486600.0,3105.370117
2014-05-16,3108.939941,3114.320068,3089.110107,3098.149902,13940200.0,3098.149902
2014-05-15,3154.25,3159.540039,3103.149902,3112.0,17237300.0,3112.0
2014-05-14,3156.850098,3163.649902,3152.090088,3157.51001,11732700.0,3157.51001
2014-05-13,3167.909912,3172.209961,3150.370117,3156.379883,10503800.0,3156.379883
2014-05-12,3151.77002,3166.0,3151.679932,3163.550049,11000200.0,3163.550049
2014-05-09,3130.26001,3145.699951,3130.26001,3143.879883,12016400.0,3143.879883
2014-05-08,3118.560059,3150.959961,3118.219971,3144.790039,15470300.0,3144.790039
2014-05-07,3079.149902,3111.780029,3075.659912,3108.02002,14228100.0,3108.02002
2014-05-06,3098.439941,3111.129883,3084.679932,3089.51001,12877500.0,3089.51001
2014-05-05,3079.120117,3092.179932,3057.629883,3089.060059,9152600.0,3089.060059
2014-05-02,3094.860107,3108.679932,3087.830078,3095.659912,18029700.0,3095.659912
2014-04-30,3097.399902,3101.350098,3081.27002,3089.800049,16729500.0,3089.800049
2014-04-29,3098.090088,3116.27002,3092.969971,3116.27002,14395600.0,3116.27002
2014-04-28,3115.120117,3124.820068,3099.629883,3107.919922,12626200.0,3107.919922
2014-04-25,3117.379883,3125.429932,3096.909912,3105.899902,11713200.0,3105.899902
2014-04-24,3132.639893,3146.530029,3105.929932,3129.310059,12290400.0,3129.310059
2014-04-23,3145.969971,3148.290039,3123.25,3125.98999,11057700.0,3125.98999
2014-04-22,3122.530029,3145.540039,3113.409912,3145.540039,12965300.0,3145.540039
2014-04-17,3098.050049,3117.629883,3085.52002,3112.429932,11850100.0,3112.429932
2014-04-16,3070.570068,3098.709961,3069.280029,3098.709961,12786100.0,3098.709961
2014-04-15,3066.360107,3080.159912,3046.199951,3047.110107,11568300.0,3047.110107
2014-04-14,3047.919922,3064.370117,3023.97998,3064.370117,11753300.0,3064.370117
2014-04-11,3062.850098,3067.97998,3038.620117,3059.550049,13366900.0,3059.550049
2014-04-10,3114.889893,3122.26001,3084.98999,3088.899902,11942600.0,3088.899902
2014-04-09,3104.449951,3122.360107,3098.860107,3105.159912,11762000.0,3105.159912
2014-04-08,3126.550049,3132.129883,3084.649902,3098.070068,13878200.0,3098.070068
2014-04-07,3133.560059,3143.350098,3122.27002,3127.52002,11248000.0,3127.52002
2014-04-04,3143.830078,3153.540039,3131.370117,3149.350098,11990700.0,3149.350098
2014-04-03,3147.179932,3153.899902,3133.070068,3147.129883,13207300.0,3147.129883
2014-04-02,3152.47998,3154.72998,3137.350098,3150.27002,11421800.0,3150.27002
2014-04-01,3135.02002,3153.830078,3128.080078,3151.600098,10703800.0,3151.600098
2014-03-31,3133.080078,3139.76001,3120.169922,3129.939941,11343300.0,3129.939941
2014-03-28,3113.73999,3125.600098,3112.070068,3121.629883,9998100.0,3121.629883
2014-03-27,3090.129883,3103.030029,3082.870117,3099.929932,10367300.0,3099.929932
2014-03-26,3087.919922,3106.169922,3085.179932,3094.76001,12902400.0,3094.76001
2014-03-25,3050.830078,3084.199951,3050.830078,3080.969971,11529400.0,3080.969971
2014-03-24,3087.22998,3090.610107,3049.719971,3052.280029,12076700.0,3052.280029
2014-03-21,3078.810059,3094.350098,3072.27002,3084.360107,21231900.0,3084.360107
2014-03-20,3066.02002,3080.48999,3054.570068,3076.629883,12541300.0,3076.629883
2014-03-19,3082.459961,3090.879883,3071.409912,3082.97998,11629500.0,3082.97998
2014-03-18,3043.939941,3087.810059,3037.929932,3080.419922,17263700.0,3080.419922
2014-03-17,3002.899902,3043.01001,3001.689941,3038.889893,11396800.0,3038.889893
2014-03-14,3013.199951,3018.840088,2977.540039,3000.899902,17222500.0,3000.899902
2014-03-13,3069.860107,3082.189941,3032.169922,3032.169922,13882600.0,3032.169922
2014-03-12,3084.370117,3094.850098,3066.199951,3081.820068,12287200.0,3081.820068
2014-03-11,3104.810059,3116.909912,3086.76001,3100.850098,12430300.0,3100.850098
2014-03-10,3080.27002,3108.830078,3078.48999,3090.800049,10403300.0,3090.800049
2014-03-07,3120.22998,3125.070068,3082.610107,3086.629883,13165300.0,3086.629883
2014-03-06,3116.939941,3131.590088,3112.439941,3123.100098,11084000.0,3123.100098
2014-03-05,3098.48999,3112.219971,3092.860107,3108.090088,10774800.0,3108.090088
2014-03-04,3053.820068,3102.26001,3053.820068,3100.840088,13777200.0,3100.840088
2014-03-03,3042.5,3047.330078,3020.800049,3031.219971,16945500.0,3031.219971
2014-02-28,3071.169922,3096.909912,3065.070068,3096.909912,19691200.0,3096.909912
2014-02-27,3061.929932,3076.25,3033.51001,3073.610107,25858100.0,3073.610107
2014-02-26,3034.149902,3059.280029,3032.01001,3055.800049,12518900.0,3055.800049
2014-02-25,3044.149902,3044.149902,3023.840088,3041.709961,13007500.0,3041.709961
2014-02-24,3018.830078,3044.76001,3013.850098,3044.76001,11534200.0,3044.76001
2014-02-21,3014.360107,3022.310059,3004.310059,3019.439941,10845300.0,3019.439941
2014-02-20,2986.02002,3005.969971,2975.310059,3005.969971,13954300.0,3005.969971
2014-02-19,2983.379883,3009.23999,2983.300049,3004.649902,11340000.0,3004.649902
2014-02-18,2997.939941,3001.209961,2980.449951,2986.280029,10444100.0,2986.280029
2014-02-17,2981.550049,2992.659912,2978.72998,2989.47998,6616800.0,2989.47998
2014-02-14,2962.949951,2980.030029,2958.0,2977.080078,11454800.0,2977.080078
2014-02-13,2951.409912,2961.449951,2933.669922,2961.449951,11988100.0,2961.449951
2014-02-12,2950.310059,2961.629883,2945.090088,2959.47998,11301500.0,2959.47998
2014-02-11,2920.110107,2943.330078,2919.209961,2943.330078,11661300.0,2943.330078
2014-02-10,2916.830078,2927.570068,2907.679932,2913.540039,9587100.0,2913.540039
2014-02-07,2902.780029,2916.469971,2893.050049,2909.429932,12175500.0,2909.429932
2014-02-06,2858.639893,2900.0,2857.76001,2894.72998,15890200.0,2894.72998
2014-02-05,2850.52002,2855.25,2839.77002,2847.320068,11805800.0,2847.320068
2014-02-04,2829.129883,2859.949951,2826.580078,2847.75,12547600.0,2847.75
2014-02-03,2883.699951,2896.570068,2842.889893,2844.209961,14429200.0,2844.209961
2014-01-31,2901.620117,2903.77002,2858.060059,2891.25,14188300.0,2891.25
2014-01-30,2878.169922,2907.159912,2864.570068,2897.969971,12317700.0,2897.969971
2014-01-29,2922.429932,2938.530029,2852.149902,2880.929932,15931900.0,2880.929932
2014-01-28,2889.75,2906.800049,2884.639893,2902.570068,13310200.0,2902.570068
2014-01-27,2888.969971,2896.070068,2865.5,2878.639893,13349200.0,2878.639893
2014-01-24,2953.02002,2954.48999,2887.060059,2889.929932,16605400.0,2889.929932
2014-01-23,2954.610107,2975.51001,2947.030029,2951.949951,11769400.0,2951.949951
2014-01-22,2966.850098,2973.290039,2946.47998,2952.360107,9062100.0,2952.360107
2014-01-21,2965.949951,2969.550049,2952.52002,2958.830078,12668100.0,2958.830078
2014-01-20,2966.300049,2967.879883,2953.219971,2964.320068,7219300.0,2964.320068
2014-01-17,2961.72998,2974.860107,2960.909912,2969.149902,18808100.0,2969.149902
2014-01-16,2962.459961,2972.209961,2958.780029,2964.800049,10566000.0,2964.800049
2014-01-15,2950.449951,2957.97998,2942.209961,2957.97998,12240000.0,2957.97998
2014-01-14,2924.98999,2943.959961,2914.800049,2940.790039,10843800.0,2940.790039
2014-01-13,2940.969971,2947.48999,2934.050049,2944.47998,9097400.0,2944.47998
2014-01-10,2939.97998,2952.659912,2932.22998,2934.889893,12301000.0,2934.889893
2014-01-09,2931.080078,2942.47998,2921.429932,2928.719971,12749000.0,2928.719971
2014-01-08,2914.600098,2932.72998,2909.939941,2932.72998,13818500.0,2932.72998
2014-01-07,2898.959961,2916.679932,2886.040039,2911.570068,11339700.0,2911.570068
2014-01-06,2903.790039,2912.649902,2890.72998,2892.959961,9400400.0,2892.959961
2014-01-03,2883.139893,2909.23999,2876.76001,2903.98999,6688500.0,2903.98999
2014-01-02,2928.530029,2931.580078,2880.449951,2880.449951,10043400.0,2880.449951
2013-12-31,2913.469971,2923.820068,2912.48999,2923.820068,2090100.0,2923.820068
2013-12-30,2922.070068,2929.909912,2913.600098,2915.330078,7691400.0,2915.330078
2013-12-27,2904.72998,2921.050049,2904.72998,2921.050049,8046900.0,2921.050049
2013-12-24,2891.02002,2899.419922,2888.909912,2899.419922,1923700.0,2899.419922
2013-12-23,2871.97998,2887.580078,2871.459961,2887.580078,7602500.0,2887.580078
2013-12-20,2842.72998,2869.669922,2842.149902,2869.669922,20366300.0,2869.669922
2013-12-19,2819.600098,2839.360107,2818.72998,2839.360107,14915800.0,2839.360107
2013-12-18,2782.889893,2799.080078,2778.48999,2794.689941,14294700.0,2794.689941
2013-12-17,2785.76001,2791.679932,2761.909912,2761.909912,11071900.0,2761.909912
2013-12-16,2752.889893,2787.679932,2752.889893,2784.169922,10745700.0,2784.169922
2013-12-13,2761.300049,2770.679932,2747.429932,2751.810059,8587800.0,2751.810059
2013-12-12,2775.75,2779.919922,2760.860107,2764.300049,10969400.0,2764.300049
2013-12-11,2792.449951,2805.149902,2778.159912,2778.159912,9083000.0,2778.159912
2013-12-10,2799.120117,2814.52002,2785.610107,2790.610107,8441600.0,2790.610107
2013-12-09,2809.280029,2809.280029,2784.850098,2799.72998,12244800.0,2799.72998
2013-12-06,2775.560059,2791.429932,2759.679932,2790.23999,10832000.0,2790.23999
2013-12-05,2786.72998,2791.469971,2765.879883,2766.189941,12183200.0,2766.189941
2013-12-04,2810.600098,2813.469971,2778.659912,2788.820068,11821400.0,2788.820068
2013-12-03,2854.459961,2854.590088,2804.97998,2804.97998,12071700.0,2804.97998
2013-12-02,2869.959961,2875.050049,2854.330078,2858.110107,11402900.0,2858.110107
2013-11-29,2865.280029,2876.159912,2863.429932,2870.889893,7991300.0,2870.889893
2013-11-28,2866.860107,2875.540039,2862.179932,2866.610107,7895000.0,2866.610107
2013-11-27,2860.149902,2872.570068,2857.550049,2869.830078,9795900.0,2869.830078
2013-11-26,2855.959961,2866.850098,2850.76001,2855.649902,14104100.0,2855.649902
2013-11-25,2853.689941,2862.77002,2851.540039,2859.590088,8408900.0,2859.590088
2013-11-22,2849.48999,2856.550049,2827.540039,2840.659912,10254200.0,2840.659912
2013-11-21,2845.909912,2851.98999,2835.310059,2846.679932,10777300.0,2846.679932
2013-11-20,2854.679932,2860.060059,2839.01001,2852.949951,11992300.0,2852.949951
2013-11-19,2867.179932,2873.389893,2849.870117,2859.560059,13681200.0,2859.560059
2013-11-18,2873.949951,2885.310059,2865.360107,2875.219971,10944000.0,2875.219971
2013-11-15,2878.459961,2885.550049,2869.100098,2877.669922,14947600.0,2877.669922
2013-11-14,2893.120117,2900.76001,2882.149902,2896.689941,15070100.0,2896.689941
2013-11-13,2888.98999,2897.820068,2856.320068,2878.939941,15939000.0,2878.939941
2013-11-12,2909.570068,2914.340088,2894.070068,2897.52002,9404300.0,2897.52002
2013-11-11,2905.419922,2914.830078,2893.52002,2914.689941,8444500.0,2914.689941
2013-11-08,2895.550049,2898.030029,2868.050049,2895.570068,11656200.0,2895.570068
2013-11-07,2933.060059,2963.449951,2906.689941,2912.23999,14524800.0,2912.23999
2013-11-06,2910.639893,2936.669922,2910.639893,2932.459961,12895300.0,2932.459961
2013-11-05,2907.439941,2910.5,2882.129883,2895.73999,8913700.0,2895.73999
2013-11-04,2896.659912,2909.800049,2895.570068,2903.189941,6770900.0,2903.189941
2013-11-01,2908.290039,2908.290039,2884.25,2888.679932,5826500.0,2888.679932
2013-10-31,2873.98999,2905.719971,2873.98999,2904.350098,14568900.0,2904.350098
2013-10-30,2898.72998,2907.320068,2875.850098,2882.350098,10300500.0,2882.350098
2013-10-29,2879.320068,2903.830078,2877.139893,2903.830078,9465800.0,2903.830078
2013-10-28,2890.969971,2896.449951,2873.189941,2879.189941,10511000.0,2879.189941
2013-10-25,2889.370117,2893.379883,2871.530029,2885.77002,10362100.0,2885.77002
2013-10-24,2897.330078,2912.060059,2894.899902,2905.879883,9875900.0,2905.879883
2013-10-23,2896.01001,2899.899902,2885.679932,2896.47998,10100500.0,2896.47998
2013-10-22,2898.080078,2914.419922,2894.370117,2908.919922,12996600.0,2908.919922
2013-10-21,2897.610107,2906.75,2892.110107,2903.370117,8666800.0,2903.370117
2013-10-18,2888.97998,2897.01001,2886.060059,2895.120117,14539100.0,2895.120117
2013-10-17,2890.070068,2893.560059,2868.429932,2880.310059,13567600.0,2880.310059
2013-10-16,2871.159912,2894.449951,2866.27002,2893.070068,11445400.0,2893.070068
2013-10-15,2849.850098,2873.800049,2848.590088,2873.800049,9711000.0,2873.800049
2013-10-14,2822.370117,2837.969971,2818.570068,2832.570068,7248600.0,2832.570068
2013-10-11,2841.77002,2842.060059,2825.209961,2830.659912,10777700.0,2830.659912
2013-10-10,2801.870117,2843.23999,2796.080078,2843.23999,11586800.0,2843.23999
2013-10-09,2789.530029,2803.449951,2782.419922,2788.98999,12638000.0,2788.98999
2013-10-08,2806.850098,2811.98999,2789.610107,2789.610107,11060300.0,2789.610107
2013-10-07,2809.629883,2811.560059,2785.080078,2807.800049,9563600.0,2807.800049
2013-10-04,2794.620117,2819.090088,2785.639893,2812.580078,8425900.0,2812.580078
2013-10-03,2824.23999,2826.370117,2790.800049,2796.370117,8237700.0,2796.370117
2013-10-02,2821.790039,2822.22998,2801.330078,2819.669922,9988100.0,2819.669922
2013-10-01,2801.290039,2829.379883,2800.560059,2829.379883,11222500.0,2829.379883
2013-09-30,2797.840088,2802.27002,2785.27002,2802.27002,12616500.0,2802.27002
2013-09-27,2823.780029,2833.129883,2805.47998,2818.169922,8302300.0,2818.169922
2013-09-26,2823.01001,2834.139893,2806.560059,2827.040039,11314300.0,2827.040039
2013-09-25,2824.370117,2830.399902,2813.419922,2822.449951,15201500.0,2822.449951
2013-09-24,2820.709961,2836.199951,2819.459961,2824.070068,10808900.0,2824.070068
2013-09-23,2838.149902,2844.209961,2816.629883,2822.02002,10801400.0,2822.02002
2013-09-20,2832.050049,2850.610107,2832.050049,2836.629883,19499300.0,2836.629883
2013-09-19,2858.300049,2864.409912,2836.959961,2841.300049,12335800.0,2841.300049
2013-09-18,2811.409912,2831.159912,2810.919922,2831.159912,9336900.0,2831.159912
2013-09-17,2821.320068,2822.530029,2807.949951,2811.370117,8845300.0,2811.370117
2013-09-16,2813.790039,2829.219971,2813.790039,2822.52002,10002400.0,2822.52002
2013-09-13,2785.889893,2795.790039,2779.5,2795.590088,9475000.0,2795.590088
2013-09-12,2790.530029,2793.97998,2776.159912,2788.090088,12814800.0,2788.090088
2013-09-11,2771.820068,2789.850098,2769.929932,2789.850098,15305300.0,2789.850098
2013-09-10,2750.699951,2773.719971,2750.600098,2770.129883,14303600.0,2770.129883
2013-09-09,2729.52002,2732.439941,2715.22998,2732.439941,8703300.0,2732.439941
2013-09-06,2707.780029,2735.840088,2699.659912,2731.090088,16171600.0,2731.090088
2013-09-05,2707.73999,2721.810059,2691.959961,2716.280029,9688900.0,2716.280029
2013-09-04,2706.590088,2708.629883,2669.449951,2698.629883,10604900.0,2698.629883
2013-09-03,2719.159912,2721.97998,2685.429932,2707.199951,9812400.0,2707.199951
2013-09-02,2697.219971,2721.47998,2697.159912,2709.459961,7464200.0,2709.459961
2013-08-30,2707.219971,2710.209961,2673.419922,2673.419922,12537000.0,2673.419922
2013-08-29,2711.719971,2719.840088,2702.159912,2715.120117,9105400.0,2715.120117
2013-08-28,2698.580078,2703.409912,2674.73999,2698.790039,14044700.0,2698.790039
2013-08-27,2759.030029,2766.0,2698.290039,2698.330078,12687000.0,2698.330078
2013-08-26,2788.090088,2788.090088,2761.149902,2769.800049,4703400.0,2769.800049
2013-08-23,2782.530029,2790.879883,2768.129883,2788.449951,7469600.0,2788.449951
2013-08-22,2752.669922,2785.439941,2751.719971,2778.219971,10364700.0,2778.219971
2013-08-21,2765.0,2776.01001,2747.419922,2750.72998,8691000.0,2750.72998
2013-08-20,2785.419922,2786.919922,2749.02002,2766.469971,10765200.0,2766.469971
2013-08-19,2818.77002,2821.25,2797.379883,2799.949951,6997200.0,2799.949951
2013-08-16,2806.219971,2824.330078,2799.620117,2823.790039,9648300.0,2823.790039
2013-08-15,2824.830078,2826.709961,2791.219971,2810.939941,7569400.0,2810.939941
2013-08-14,2832.070068,2837.159912,2822.679932,2829.780029,8508700.0,2829.780029
2013-08-13,2824.030029,2834.75,2820.159912,2832.320068,8508000.0,2832.320068
2013-08-12,2813.419922,2822.27002,2800.850098,2818.379883,11681400.0,2818.379883
2013-08-09,2808.169922,2814.949951,2793.409912,2807.669922,14984700.0,2807.669922
2013-08-08,2764.340088,2804.919922,2764.340088,2804.919922,15564700.0,2804.919922
2013-08-07,2734.370117,2752.98999,2728.76001,2748.919922,17043600.0,2748.919922
2013-08-06,2764.919922,2768.350098,2732.530029,2745.879883,10928900.0,2745.879883
2013-08-05,2761.949951,2774.300049,2759.810059,2766.540039,10046800.0,2766.540039
2013-08-02,2732.02002,2764.149902,2729.580078,2760.199951,15288500.0,2760.199951
2013-08-01,2675.75,2717.409912,2674.679932,2717.409912,19341000.0,2717.409912
2013-07-31,2636.72998,2670.320068,2636.72998,2662.679932,14695000.0,2662.679932
2013-07-30,2641.97998,2645.97998,2630.300049,2635.959961,11219000.0,2635.959961
2013-07-29,2646.310059,2653.300049,2618.669922,2624.050049,10751800.0,2624.050049
2013-07-26,2654.810059,2668.719971,2634.209961,2638.98999,10679400.0,2638.98999
2013-07-25,2665.669922,2666.560059,2631.189941,2643.72998,9635400.0,2643.72998
2013-07-24,2635.209961,2667.77002,2635.209961,2665.72998,9845400.0,2665.72998
2013-07-23,2642.820068,2651.23999,2627.629883,2628.120117,8403400.0,2628.120117
2013-07-22,2644.820068,2648.360107,2632.699951,2635.340088,8333800.0,2635.340088
2013-07-19,2648.919922,2655.77002,2639.429932,2650.159912,9314000.0,2650.159912
2013-07-18,2622.530029,2651.0,2620.0,2651.0,10021800.0,2651.0
2013-07-17,2630.879883,2643.030029,2611.870117,2635.129883,8383200.0,2635.129883
2013-07-16,2644.800049,2646.959961,2620.580078,2622.810059,7322600.0,2622.810059
2013-07-15,2633.139893,2649.530029,2630.209961,2644.969971,5502200.0,2644.969971
2013-07-12,2644.550049,2650.090088,2624.810059,2630.100098,8598000.0,2630.100098
2013-07-11,2632.969971,2644.080078,2631.75,2637.439941,10430400.0,2637.439941
2013-07-10,2600.879883,2611.639893,2585.77002,2611.639893,9305600.0,2611.639893
2013-07-09,2585.429932,2611.899902,2585.429932,2603.080078,11187000.0,2603.080078
2013-07-08,2553.320068,2587.909912,2552.370117,2582.159912,8976200.0,2582.159912
2013-07-05,2573.719971,2583.919922,2536.159912,2539.399902,10082200.0,2539.399902
2013-07-04,2524.330078,2571.52002,2517.25,2568.100098,10737600.0,2568.100098
2013-07-03,2502.23999,2514.340088,2472.699951,2512.850098,12271800.0,2512.850098
2013-07-02,2539.97998,2541.620117,2509.72998,2519.969971,10110800.0,2519.969971
2013-07-01,2540.689941,2553.26001,2514.22998,2532.110107,11300800.0,2532.110107
2013-06-28,2546.780029,2553.800049,2517.350098,2526.110107,13775800.0,2526.110107
2013-06-27,2533.790039,2556.290039,2515.570068,2545.879883,15891800.0,2545.879883
2013-06-26,2493.120117,2537.100098,2480.709961,2532.719971,13785200.0,2532.719971
2013-06-25,2473.360107,2487.300049,2462.399902,2477.699951,14722800.0,2477.699951
2013-06-24,2487.179932,2504.23999,2440.090088,2453.110107,16766000.0,2453.110107
2013-06-21,2538.139893,2566.360107,2511.540039,2511.540039,25692000.0,2511.540039
2013-06-20,2582.649902,2585.330078,2534.459961,2538.929932,18093200.0,2538.929932
2013-06-19,2628.540039,2632.399902,2608.830078,2618.399902,10859600.0,2618.399902
2013-06-18,2617.26001,2626.800049,2608.52002,2619.320068,9808800.0,2619.320068
2013-06-17,2602.830078,2633.449951,2602.830078,2623.129883,10415400.0,2623.129883
2013-06-14,2595.929932,2613.899902,2587.97998,2599.330078,9916200.0,2599.330078
2013-06-13,2539.449951,2583.919922,2529.47998,2578.0,13214600.0,2578.0
2013-06-12,2576.040039,2597.030029,2569.840088,2570.389893,10326800.0,2570.389893
2013-06-11,2603.149902,2603.719971,2565.560059,2582.050049,12833000.0,2582.050049
2013-06-10,2614.969971,2628.159912,2608.939941,2611.800049,7890000.0,2611.800049
2013-06-07,2603.820068,2635.399902,2587.02002,2623.070068,14310600.0,2623.070068
2013-06-06,2608.48999,2629.439941,2594.649902,2594.649902,13227000.0,2594.649902
2013-06-05,2633.639893,2642.439941,2609.139893,2609.560059,12755400.0,2609.560059
2013-06-04,2645.649902,2654.669922,2637.939941,2645.409912,8367800.0,2645.409912
2013-06-03,2639.52002,2655.439941,2615.77002,2635.27002,13149000.0,2635.27002
2013-05-31,2682.780029,2685.300049,2649.360107,2649.360107,15852000.0,2649.360107
2013-05-30,2680.840088,2700.899902,2678.860107,2684.550049,10301400.0,2684.550049
2013-05-29,2715.889893,2716.120117,2683.699951,2685.620117,11203400.0,2685.620117
2013-05-28,2720.659912,2740.76001,2718.909912,2728.25,11507200.0,2728.25
2013-05-27,2704.459961,2716.889893,2702.600098,2713.97998,5050600.0,2713.97998
2013-05-24,2717.469971,2723.929932,2689.189941,2700.909912,6542600.0,2700.909912
2013-05-23,2701.699951,2711.080078,2691.350098,2705.290039,14448000.0,2705.290039
2013-05-22,2737.870117,2750.350098,2732.409912,2746.639893,13280000.0,2746.639893
2013-05-21,2737.22998,2742.820068,2716.199951,2734.820068,11562200.0,2734.820068
2013-05-20,2732.580078,2744.51001,2727.899902,2740.659912,7066600.0,2740.659912
2013-05-17,2720.810059,2742.070068,2717.959961,2732.290039,19169000.0,2732.290039
2013-05-16,2726.830078,2734.929932,2717.27002,2727.51001,11839600.0,2727.51001
2013-05-15,2722.23999,2730.889893,2715.340088,2728.51001,10931000.0,2728.51001
2013-05-14,2709.73999,2724.629883,2697.97998,2724.629883,15052800.0,2724.629883
2013-05-13,2723.100098,2728.540039,2706.73999,2719.550049,9260800.0,2719.550049
2013-05-10,2728.060059,2748.709961,2720.379883,2729.77002,10537600.0,2729.77002
2013-05-09,2732.590088,2734.149902,2718.47998,2730.959961,6907200.0,2730.959961
2013-05-08,2723.040039,2739.01001,2720.919922,2736.649902,12134000.0,2736.649902
2013-05-07,2706.649902,2722.189941,2703.02002,2716.51001,12018200.0,2716.51001
2013-05-06,2697.179932,2703.610107,2690.959961,2696.570068,6958000.0,2696.570068
2013-05-03,2665.719971,2696.360107,2661.060059,2696.360107,16268600.0,2696.360107
2013-05-02,2639.300049,2665.48999,2630.149902,2660.899902,18568000.0,2660.899902
2013-04-30,2633.77002,2647.040039,2626.459961,2643.419922,14903000.0,2643.419922
2013-04-29,2622.070068,2645.649902,2618.080078,2645.649902,12596600.0,2645.649902
2013-04-26,2623.540039,2626.22998,2607.320068,2610.120117,11961600.0,2610.120117
2013-04-25,2620.969971,2657.26001,2620.969971,2650.969971,14259800.0,2650.969971
2013-04-24,2641.0,2659.610107,2627.090088,2657.600098,17167800.0,2657.600098
2013-04-23,2583.860107,2641.01001,2583.860107,2641.01001,19148600.0,2641.01001
2013-04-22,2574.0,2603.100098,2567.590088,2587.620117,14122200.0,2587.620117
2013-04-19,2541.689941,2559.100098,2537.560059,2553.909912,14307800.0,2553.909912
2013-04-18,2534.75,2546.179932,2515.75,2528.030029,12962000.0,2528.030029
2013-04-17,2587.280029,2587.300049,2522.540039,2528.399902,15439800.0,2528.399902
2013-04-16,2577.879883,2588.040039,2557.949951,2574.810059,14908800.0,2574.810059
2013-04-15,2617.320068,2627.27002,2585.850098,2593.689941,12789200.0,2593.689941
2013-04-12,2632.280029,2634.689941,2611.469971,2615.600098,11475400.0,2615.600098
2013-04-11,2624.73999,2642.01001,2620.179932,2637.429932,13080200.0,2637.429932
2013-04-10,2568.949951,2624.189941,2568.840088,2624.189941,15808600.0,2624.189941
2013-04-09,2559.580078,2567.22998,2549.889893,2558.800049,10695600.0,2558.800049
2013-04-08,2548.51001,2567.570068,2542.179932,2544.689941,9323400.0,2544.689941
2013-04-05,2586.51001,2592.790039,2526.560059,2543.899902,15439000.0,2543.899902
2013-04-04,2595.669922,2615.620117,2575.26001,2579.02002,12911000.0,2579.02002
2013-04-03,2612.540039,2620.77002,2583.340088,2587.27002,12126200.0,2587.27002
2013-04-02,2594.379883,2629.429932,2586.120117,2626.719971,13271400.0,2626.719971
2013-03-28,2571.689941,2602.409912,2571.689941,2592.189941,11791800.0,2592.189941
2013-03-27,2606.320068,2608.01001,2562.350098,2578.23999,14342000.0,2578.23999
2013-03-26,2596.209961,2602.209961,2580.540039,2593.699951,12438800.0,2593.699951
2013-03-25,2643.01001,2646.5,2589.070068,2595.179932,14070600.0,2595.179932
2013-03-22,2611.860107,2628.860107,2599.909912,2619.550049,14218400.0,2619.550049
2013-03-21,2615.280029,2621.800049,2594.25,2613.360107,16717000.0,2613.360107
2013-03-20,2601.939941,2620.649902,2601.939941,2617.389893,12230000.0,2617.389893
2013-03-19,2618.080078,2624.580078,2592.879883,2597.399902,11270400.0,2597.399902
2013-03-18,2580.540039,2624.25,2580.540039,2618.959961,12794800.0,2618.959961
2013-03-15,2644.919922,2646.030029,2625.310059,2628.629883,24259400.0,2628.629883
2013-03-14,2638.070068,2650.51001,2637.290039,2647.689941,12103800.0,2647.689941
2013-03-13,2629.969971,2632.669922,2614.679932,2632.040039,9278800.0,2632.040039
2013-03-12,2629.389893,2639.939941,2621.439941,2627.469971,9701800.0,2627.469971
2013-03-11,2630.399902,2633.129883,2619.75,2633.129883,9031800.0,2633.129883
2013-03-08,2611.050049,2632.52002,2609.52002,2632.52002,12602000.0,2632.52002
2013-03-07,2587.22998,2611.310059,2579.51001,2602.429932,12101200.0,2602.429932
2013-03-06,2594.870117,2603.25,2588.02002,2589.110107,10648000.0,2589.110107
2013-03-05,2559.850098,2594.530029,2557.52002,2590.679932,13282200.0,2590.679932
2013-03-04,2542.969971,2548.120117,2528.669922,2541.899902,11766800.0,2541.899902
2013-03-01,2556.600098,2564.77002,2522.27002,2546.830078,17073200.0,2546.830078
2013-02-28,2562.77002,2569.169922,2547.360107,2569.169922,19621000.0,2569.169922
2013-02-27,2518.540039,2546.689941,2508.22998,2544.22998,13900200.0,2544.22998
2013-02-26,2492.77002,2531.709961,2489.600098,2510.620117,18293400.0,2510.620117
2013-02-25,2557.0,2584.179932,2546.600098,2559.01001,14415800.0,2559.01001
2013-02-22,2520.040039,2551.01001,2519.709961,2550.919922,13100800.0,2550.919922
2013-02-21,2547.98999,2551.129883,2505.580078,2509.439941,16324400.0,2509.439941
2013-02-20,2561.860107,2574.47998,2554.550049,2558.209961,11855400.0,2558.209961
2013-02-19,2518.679932,2559.590088,2517.850098,2556.669922,11546400.0,2556.669922
2013-02-18,2531.52002,2533.52002,2510.899902,2520.810059,8664200.0,2520.810059
2013-02-15,2545.469971,2550.02002,2534.810059,2535.879883,12384200.0,2535.879883
2013-02-14,2558.100098,2563.840088,2531.419922,2547.379883,18762800.0,2547.379883
2013-02-13,2524.77002,2539.790039,2519.800049,2534.25,12300400.0,2534.25
2013-02-12,2501.909912,2519.919922,2494.320068,2518.429932,11743400.0,2518.429932
2013-02-11,2505.669922,2512.929932,2491.429932,2498.189941,9093400.0,2498.189941
2013-02-08,2497.27002,2509.340088,2488.159912,2505.909912,11969800.0,2505.909912
2013-02-07,2498.580078,2515.669922,2492.040039,2493.26001,14007600.0,2493.26001
2013-02-06,2517.76001,2530.060059,2491.52002,2503.25,12756400.0,2503.25
2013-02-05,2494.719971,2524.820068,2494.719971,2518.659912,12419200.0,2518.659912
2013-02-04,2560.129883,2561.540039,2506.22998,2506.22998,16078400.0,2506.22998
2013-02-01,2524.01001,2563.080078,2524.01001,2560.01001,15265200.0,2560.01001
2013-01-31,2555.600098,2562.909912,2520.350098,2520.350098,19186000.0,2520.350098
2013-01-30,2575.909912,2579.820068,2554.590088,2559.629883,15276800.0,2559.629883
2013-01-29,2576.850098,2580.76001,2560.610107,2571.97998,11228400.0,2571.97998
2013-01-28,2574.360107,2584.969971,2562.570068,2574.76001,10889000.0,2574.76001
2013-01-25,2555.100098,2573.659912,2554.659912,2570.580078,11763000.0,2570.580078
2013-01-24,2535.26001,2556.340088,2531.209961,2554.0,12409200.0,2554.0
2013-01-23,2551.02002,2553.72998,2533.439941,2535.47998,12345800.0,2535.47998
2013-01-22,2545.280029,2552.179932,2532.169922,2549.709961,9869000.0,2549.709961
2013-01-21,2545.120117,2549.620117,2541.02002,2547.389893,6683600.0,2547.389893
2013-01-18,2534.419922,2546.090088,2532.25,2539.51001,10629400.0,2539.51001
2013-01-17,2510.070068,2532.429932,2508.830078,2532.429932,12481400.0,2532.429932
2013-01-16,2496.659912,2505.320068,2487.97998,2504.449951,9588200.0,2504.449951
2013-01-15,2489.889893,2503.77002,2486.409912,2499.399902,10846400.0,2499.399902
2013-01-14,2503.199951,2507.659912,2489.360107,2491.379883,2904400.0,2491.379883
2013-01-11,2508.389893,2511.149902,2486.870117,2496.800049,11988200.0,2496.800049
2013-01-10,2504.580078,2521.27002,2501.5,2505.27002,15735400.0,2505.27002
2013-01-09,2503.439941,2510.0,2490.51001,2506.389893,11550000.0,2506.389893
2013-01-08,2497.350098,2508.889893,2492.75,2497.620117,11564000.0,2497.620117
2013-01-07,2517.600098,2518.199951,2500.709961,2503.120117,10681000.0,2503.120117
2013-01-04,2513.01001,2516.320068,2495.159912,2516.320068,10044400.0,2516.320068
2013-01-03,2511.22998,2519.449951,2507.389893,2516.850098,8806200.0,2516.850098
2013-01-02,2508.169922,2518.570068,2502.719971,2515.27002,11714000.0,2515.27002
2012-12-31,2460.830078,2482.48999,2456.52002,2475.810059,3838400.0,2475.810059
2012-12-28,2487.870117,2489.679932,2463.219971,2466.27002,8736000.0,2466.27002
2012-12-27,2474.639893,2490.939941,2474.639893,2486.75,8734200.0,2486.75
2012-12-24,2477.73999,2480.129883,2472.949951,2477.219971,3190600.0,2477.219971
2012-12-21,2482.189941,2486.929932,2475.139893,2485.060059,23283800.0,2485.060059
2012-12-20,2494.219971,2504.689941,2492.199951,2492.199951,13510600.0,2492.199951
2012-12-19,2489.52002,2506.77002,2488.179932,2500.659912,14570000.0,2500.659912
2012-12-18,2473.810059,2482.600098,2471.550049,2480.360107,15147600.0,2480.360107
2012-12-17,2455.149902,2463.879883,2450.22998,2463.879883,11431800.0,2463.879883
2012-12-14,2443.48999,2457.800049,2441.850098,2457.800049,14921200.0,2457.800049
2012-12-13,2441.399902,2444.47998,2428.5,2442.560059,14486600.0,2442.560059
2012-12-12,2433.709961,2438.719971,2427.129883,2438.389893,14193200.0,2438.389893
2012-12-11,2414.169922,2432.0,2412.060059,2431.409912,19923000.0,2431.409912
2012-12-10,2416.27002,2424.209961,2409.669922,2423.159912,10396600.0,2423.159912
2012-12-07,2415.969971,2427.389893,2408.610107,2424.090088,14898000.0,2424.090088
2012-12-06,2417.149902,2425.320068,2411.5,2417.070068,45556000.0,2417.070068
2012-12-05,2450.469971,2457.620117,2434.22998,2439.669922,13891400.0,2439.669922
2012-12-04,2435.219971,2448.290039,2432.97998,2442.810059,10559200.0,2442.810059
2012-12-03,2436.620117,2459.689941,2436.620117,2440.370117,11631000.0,2440.370117
2012-11-30,2450.01001,2453.899902,2436.949951,2436.949951,14879200.0,2436.949951
2012-11-29,2418.120117,2452.899902,2415.0,2451.5,14920600.0,2451.5
2012-11-28,2402.360107,2409.47998,2389.580078,2404.419922,11383400.0,2404.419922
2012-11-27,2405.340088,2420.800049,2399.48999,2404.939941,13752400.0,2404.939941
2012-11-26,2402.820068,2408.679932,2396.709961,2400.679932,9352600.0,2400.679932
2012-11-23,2396.080078,2408.530029,2388.689941,2408.530029,8668600.0,2408.530029
2012-11-22,2377.830078,2395.179932,2377.75,2393.02002,11676000.0,2393.02002
2012-11-21,2356.300049,2376.919922,2349.75,2374.830078,13648800.0,2374.830078
2012-11-20,2346.47998,2370.419922,2346.47998,2366.73999,9456400.0,2366.73999
2012-11-19,2317.129883,2356.169922,2315.959961,2354.540039,12360200.0,2354.540039
2012-11-16,2321.800049,2327.280029,2300.679932,2300.679932,14507800.0,2300.679932
2012-11-15,2329.120117,2338.909912,2321.540039,2324.23999,13156400.0,2324.23999
2012-11-14,2352.439941,2356.360107,2335.199951,2339.22998,14836800.0,2339.22998
2012-11-13,2346.159912,2361.620117,2334.689941,2359.600098,17694000.0,2359.600098
2012-11-12,2358.47998,2363.379883,2350.550049,2355.23999,7785000.0,2355.23999
2012-11-09,2363.399902,2365.629883,2335.98999,2356.629883,11953400.0,2356.629883
2012-11-08,2375.149902,2379.939941,2358.149902,2359.679932,14597600.0,2359.679932
2012-11-07,2420.48999,2421.590088,2362.23999,2364.219971,16753800.0,2364.219971
2012-11-06,2377.379883,2399.389893,2376.610107,2398.98999,10347800.0,2398.98999
2012-11-05,2390.110107,2393.199951,2376.350098,2376.98999,9377800.0,2376.98999
2012-11-02,2393.48999,2410.439941,2385.0,2400.310059,11159600.0,2400.310059
2012-11-01,2367.810059,2392.77002,2358.639893,2387.889893,12816600.0,2387.889893
2012-10-31,2382.290039,2400.179932,2369.209961,2369.209961,14800800.0,2369.209961
2012-10-30,2357.22998,2383.340088,2355.72998,2383.330078,9296200.0,2383.330078
2012-10-29,2362.219971,2363.610107,2345.560059,2356.699951,10766400.0,2356.699951
2012-10-26,2353.840088,2378.050049,2349.189941,2371.909912,12577400.0,2371.909912
2012-10-25,2363.949951,2375.530029,2353.379883,2355.030029,10689000.0,2355.030029
2012-10-24,2350.590088,2369.409912,2338.040039,2361.570068,12438000.0,2361.570068
2012-10-23,2376.699951,2377.22998,2344.280029,2348.75,13650200.0,2348.75
2012-10-22,2380.050049,2389.110107,2369.580078,2377.25,11922600.0,2377.25
2012-10-19,2399.939941,2404.669922,2381.689941,2386.399902,14385200.0,2386.399902
2012-10-18,2416.689941,2417.560059,2395.51001,2408.429932,12634400.0,2408.429932
2012-10-17,2408.439941,2420.419922,2407.280029,2418.76001,15347600.0,2418.76001
2012-10-16,2388.050049,2401.129883,2372.889893,2400.0,19781000.0,2400.0
2012-10-15,2367.570068,2386.189941,2366.98999,2376.47998,11279000.0,2376.47998
2012-10-12,2373.129883,2385.47998,2366.800049,2366.800049,12026600.0,2366.800049
2012-10-11,2355.820068,2381.620117,2352.820068,2377.02002,11561200.0,2377.02002
2012-10-10,2373.77002,2380.330078,2363.22998,2363.22998,12321400.0,2363.22998
2012-10-09,2411.550049,2412.330078,2383.909912,2386.97998,12195400.0,2386.97998
2012-10-08,2421.52002,2421.52002,2401.090088,2407.23999,9314800.0,2407.23999
2012-10-05,2414.659912,2437.790039,2411.540039,2436.47998,12894600.0,2436.47998
2012-10-04,2416.699951,2419.600098,2398.48999,2407.949951,10592800.0,2407.949951
2012-10-03,2399.179932,2413.120117,2397.149902,2408.169922,10573600.0,2408.169922
2012-10-02,2392.139893,2424.550049,2391.840088,2407.070068,12009200.0,2407.070068
2012-10-01,2364.120117,2404.600098,2364.120117,2402.409912,14521000.0,2402.409912
2012-09-28,2415.899902,2419.209961,2373.330078,2373.330078,16476600.0,2373.330078
2012-09-27,2413.01001,2416.810059,2401.530029,2408.0,13051200.0,2408.0
2012-09-26,2429.030029,2429.030029,2401.959961,2405.51001,19017800.0,2405.51001
2012-09-25,2443.659912,2454.139893,2441.379883,2450.25,15010600.0,2450.25
2012-09-24,2465.110107,2471.679932,2454.590088,2460.199951,11623200.0,2460.199951
2012-09-21,2466.97998,2476.149902,2457.550049,2473.01001,25157800.0,2473.01001
2012-09-20,2435.550049,2459.540039,2428.600098,2459.459961,16261400.0,2459.459961
2012-09-19,2456.330078,2462.219971,2440.550049,2452.080078,14422600.0,2452.080078
2012-09-18,2461.600098,2463.919922,2438.699951,2449.399902,16240400.0,2449.399902
2012-09-17,2455.659912,2475.370117,2450.26001,2474.449951,14775600.0,2474.449951
2012-09-14,2456.610107,2478.060059,2454.620117,2471.600098,21150400.0,2471.600098
2012-09-13,2435.5,2437.75,2421.540039,2426.570068,14385800.0,2426.570068
2012-09-12,2420.820068,2445.159912,2413.169922,2439.48999,16758600.0,2439.48999
2012-09-11,2402.199951,2417.949951,2392.129883,2417.830078,15556400.0,2417.830078
2012-09-10,2407.030029,2421.830078,2406.51001,2411.840088,16326200.0,2411.840088
2012-09-07,2406.780029,2438.27002,2406.22998,2416.72998,19850400.0,2416.72998
2012-09-06,2350.97998,2400.449951,2347.919922,2397.790039,19009000.0,2397.790039
2012-09-05,2341.75,2357.51001,2328.709961,2346.179932,11805400.0,2346.179932
2012-09-04,2363.219971,2368.469971,2345.280029,2347.899902,8873000.0,2347.899902
2012-09-03,2339.110107,2367.149902,2336.350098,2366.469971,7680800.0,2366.469971
2012-08-31,2329.120117,2355.870117,2327.639893,2345.689941,13674400.0,2345.689941
2012-08-30,2345.360107,2349.389893,2324.580078,2327.51001,9153000.0,2327.51001
2012-08-29,2349.189941,2357.639893,2343.129883,2351.73999,10119800.0,2351.73999
2012-08-28,2361.679932,2367.300049,2345.850098,2352.070068,7795800.0,2352.070068
2012-08-27,2354.209961,2372.350098,2345.580078,2371.929932,5863200.0,2371.929932
2012-08-24,2354.679932,2356.330078,2333.780029,2350.639893,9732400.0,2350.639893
2012-08-23,2383.679932,2385.290039,2341.330078,2348.719971,9726600.0,2348.719971
2012-08-22,2379.129883,2389.669922,2368.219971,2369.350098,10688800.0,2369.350098
2012-08-21,2384.090088,2398.399902,2384.090088,2388.879883,9663400.0,2388.879883
2012-08-20,2389.649902,2406.340088,2372.600098,2380.429932,10458600.0,2380.429932
2012-08-17,2377.26001,2389.709961,2373.830078,2389.709961,12106800.0,2389.709961
2012-08-16,2351.199951,2370.330078,2348.060059,2370.219971,9678000.0,2370.219971
2012-08-15,2343.870117,2361.98999,2337.850098,2351.679932,6545600.0,2351.679932
2012-08-14,2343.070068,2360.350098,2339.939941,2350.439941,7925000.0,2350.439941
2012-08-13,2334.179932,2353.850098,2330.219971,2337.209961,7596200.0,2337.209961
2012-08-10,2340.73999,2349.530029,2333.73999,2343.98999,8526400.0,2343.98999
2012-08-09,2343.570068,2355.909912,2330.860107,2351.97998,13073400.0,2351.97998
2012-08-08,2342.030029,2347.560059,2329.330078,2340.439941,11208800.0,2340.439941
2012-08-07,2329.449951,2357.719971,2326.600098,2349.959961,16772600.0,2349.959961
2012-08-06,2307.659912,2344.409912,2301.310059,2336.219971,23968800.0,2336.219971
2012-08-03,2251.449951,2306.919922,2245.949951,2304.22998,22565600.0,2304.22998
2012-08-02,2285.22998,2306.689941,2241.600098,2241.600098,28996400.0,2241.600098
2012-08-01,2274.76001,2301.340088,2274.76001,2289.26001,13504600.0,2289.26001
2012-07-31,2296.899902,2301.379883,2268.310059,2274.840088,20713200.0,2274.840088
2012-07-30,2284.629883,2321.969971,2284.629883,2315.909912,20156200.0,2315.909912
2012-07-27,2257.449951,2287.370117,2253.48999,2287.370117,21830000.0,2287.370117
2012-07-26,2184.169922,2246.820068,2174.709961,2244.639893,23654400.0,2244.639893
2012-07-25,2170.969971,2193.419922,2167.959961,2179.330078,15722600.0,2179.330078
2012-07-24,2192.310059,2193.639893,2174.929932,2176.530029,17315200.0,2176.530029
2012-07-23,2223.709961,2225.560059,2176.5,2186.76001,19940800.0,2186.76001
2012-07-20,2288.459961,2288.459961,2244.5,2249.840088,20669800.0,2249.840088
2012-07-19,2268.659912,2293.620117,2267.350098,2293.070068,16215600.0,2293.070068
2012-07-18,2232.76001,2264.189941,2229.850098,2262.98999,11961800.0,2262.98999
2012-07-17,2230.370117,2239.350098,2223.530029,2229.850098,14905800.0,2229.850098
2012-07-16,2212.540039,2228.530029,2211.120117,2226.300049,11512000.0,2226.300049
2012-07-13,2203.47998,2223.199951,2197.98999,2220.340088,15306800.0,2220.340088
2012-07-12,2209.26001,2223.159912,2190.899902,2197.899902,14288200.0,2197.899902
2012-07-11,2208.25,2228.449951,2206.98999,2216.320068,17200000.0,2216.320068
2012-07-10,2199.01001,2230.199951,2191.22998,2216.800049,22249600.0,2216.800049
2012-07-09,2210.23999,2220.48999,2194.090088,2194.310059,16341000.0,2194.310059
2012-07-06,2233.97998,2245.469971,2211.5,2211.5,16386400.0,2211.5
2012-07-05,2257.879883,2271.090088,2232.77002,2242.879883,19479000.0,2242.879883
2012-07-04,2262.72998,2267.550049,2250.320068,2263.72998,14258400.0,2263.72998
2012-07-03,2251.590088,2268.290039,2251.590088,2267.23999,22388800.0,2267.23999
2012-07-02,2235.399902,2258.810059,2220.219971,2254.129883,25589400.0,2254.129883
2012-06-29,2184.899902,2228.419922,2172.620117,2227.629883,33771800.0,2227.629883
2012-06-28,2148.02002,2156.280029,2128.459961,2146.050049,27974800.0,2146.050049
2012-06-27,2122.340088,2140.699951,2115.679932,2139.610107,19151000.0,2139.610107
2012-06-26,2101.189941,2119.73999,2096.75,2106.23999,17311600.0,2106.23999
2012-06-25,2123.280029,2129.040039,2098.959961,2107.439941,18844400.0,2107.439941
2012-06-22,2128.090088,2138.719971,2113.709961,2126.370117,15381200.0,2126.370117
2012-06-21,2143.72998,2161.850098,2132.320068,2143.090088,22590800.0,2143.090088
2012-06-20,2152.820068,2156.330078,2133.620117,2152.350098,15533800.0,2152.350098
2012-06-19,2109.870117,2154.909912,2097.52002,2149.969971,16350400.0,2149.969971
2012-06-18,2140.75,2144.929932,2103.0,2110.590088,17290000.0,2110.590088
2012-06-15,2104.540039,2120.550049,2104.540039,2118.949951,32115400.0,2118.949951
2012-06-14,2090.409912,2103.409912,2068.47998,2103.409912,18665600.0,2103.409912
2012-06-13,2110.530029,2124.040039,2084.52002,2093.320068,20310200.0,2093.320068
2012-06-12,2098.409912,2116.139893,2086.719971,2104.530029,17620600.0,2104.530029
2012-06-11,2130.600098,2143.370117,2094.090088,2097.909912,22329200.0,2097.909912
2012-06-08,2092.080078,2106.300049,2074.48999,2099.840088,17416400.0,2099.840088
2012-06-07,2112.370117,2121.73999,2098.219971,2104.570068,19983000.0,2104.570068
2012-06-06,2069.47998,2107.649902,2066.090088,2104.449951,20594000.0,2104.449951
2012-06-05,2054.570068,2061.699951,2039.290039,2054.459961,11853600.0,2054.459961
2012-06-04,2039.400024,2060.23999,2034.290039,2049.25,12893000.0,2049.25
2012-06-01,2093.409912,2094.959961,2033.880005,2054.02002,28648600.0,2054.02002
2012-05-31,2109.419922,2115.27002,2080.419922,2093.560059,12522600.0,2093.560059
2012-05-30,2119.120117,2131.389893,2091.810059,2105.800049,12359800.0,2105.800049
2012-05-29,2119.389893,2134.969971,2110.120117,2130.189941,13108600.0,2130.189941
2012-05-28,2134.0,2142.600098,2110.419922,2117.659912,8186400.0,2117.659912
2012-05-25,2115.669922,2134.419922,2101.070068,2119.439941,15105400.0,2119.439941
2012-05-24,2111.669922,2119.76001,2079.949951,2113.600098,16001000.0,2113.600098
2012-05-23,2125.120117,2125.47998,2084.76001,2089.48999,17188600.0,2089.48999
2012-05-22,2101.610107,2148.909912,2100.870117,2142.409912,19836200.0,2142.409912
2012-05-21,2076.879883,2099.0,2072.330078,2093.800049,16417000.0,2093.800049
2012-05-18,2067.48999,2091.439941,2052.72998,2073.879883,21761600.0,2073.879883
2012-05-17,2106.580078,2106.580078,2066.929932,2081.199951,14004600.0,2081.199951
2012-05-16,2092.080078,2123.02002,2076.189941,2103.810059,26874600.0,2103.810059
2012-05-15,2145.919922,2151.280029,2094.530029,2103.189941,21662600.0,2103.189941
2012-05-14,2169.830078,2172.399902,2124.330078,2134.550049,17488200.0,2134.550049
2012-05-11,2178.570068,2186.159912,2155.310059,2184.429932,17472000.0,2184.429932
2012-05-10,2176.449951,2189.540039,2145.209961,2187.25,26637600.0,2187.25
2012-05-09,2171.379883,2177.679932,2134.530029,2159.98999,21911000.0,2159.98999
2012-05-08,2188.570068,2205.949951,2166.590088,2170.610107,0.0,2170.610107
2012-05-07,2139.149902,2182.77002,2133.070068,2180.419922,16357600.0,2180.419922
2012-05-04,2195.959961,2200.919922,2160.179932,2166.75,22525800.0,2166.75
2012-05-03,2206.790039,2212.72998,2187.030029,2194.97998,19442400.0,2194.97998
2012-05-02,2236.060059,2240.820068,2204.929932,2210.47998,23432200.0,2210.47998
2012-04-30,2214.98999,2217.840088,2199.340088,2208.439941,17291000.0,2208.439941
2012-04-27,2180.600098,2226.290039,2169.73999,2220.899902,20135000.0,2220.899902
2012-04-26,2234.26001,2240.199951,2198.360107,2209.899902,17038800.0,2209.899902
2012-04-25,2205.120117,2245.360107,2202.790039,2243.199951,19435600.0,2243.199951
2012-04-24,2189.030029,2208.110107,2179.219971,2204.219971,19366200.0,2204.219971
2012-04-23,2228.820068,2230.929932,2184.139893,2191.399902,22742200.0,2191.399902
2012-04-20,2236.929932,2262.080078,2235.01001,2246.310059,21217800.0,2246.310059
2012-04-19,2264.040039,2280.199951,2237.52002,2237.52002,21319000.0,2237.52002
2012-04-18,2289.939941,2293.610107,2254.570068,2258.370117,19405200.0,2258.370117
2012-04-17,2237.030029,2293.449951,2237.030029,2291.23999,20974800.0,2291.23999
2012-04-16,2225.159912,2260.52002,2223.949951,2239.350098,24902000.0,2239.350098
2012-04-13,2254.399902,2260.76001,2218.590088,2229.679932,19758800.0,2229.679932
2012-04-12,2243.199951,2268.27002,2223.139893,2264.360107,21996600.0,2264.360107
2012-04-11,2211.899902,2246.810059,2209.080078,2234.399902,22873000.0,2234.399902
2012-04-10,2231.76001,2250.189941,2213.939941,2213.939941,28461000.0,2213.939941
2012-04-05,2264.189941,2275.189941,2225.77002,2253.72998,24143200.0,2253.72998
2012-04-04,2330.639893,2334.149902,2260.689941,2262.449951,27423000.0,2262.449951
2012-04-03,2354.47998,2365.050049,2334.76001,2334.76001,21109400.0,2334.76001
2012-04-02,2330.75,2354.530029,2311.27002,2354.530029,18695800.0,2354.530029
2012-03-30,2302.709961,2325.550049,2302.48999,2324.050049,20769000.0,2324.050049
2012-03-29,2330.389893,2335.090088,2290.280029,2296.469971,21664400.0,2296.469971
2012-03-28,2340.389893,2353.48999,2322.659912,2322.919922,13233000.0,2322.919922
2012-03-27,2372.639893,2378.98999,2347.209961,2349.669922,16523200.0,2349.669922
2012-03-26,2342.919922,2368.840088,2325.540039,2362.610107,13529600.0,2362.610107
2012-03-23,2321.129883,2340.600098,2307.610107,2338.310059,17188800.0,2338.310059
2012-03-22,2345.47998,2345.560059,2317.620117,2323.27002,19454000.0,2323.27002
2012-03-21,2354.800049,2364.22998,2331.679932,2345.610107,14779600.0,2345.610107
2012-03-20,2363.48999,2368.780029,2341.639893,2351.949951,16412600.0,2351.949951
2012-03-19,2365.350098,2376.5,2354.129883,2374.290039,18736800.0,2374.290039
2012-03-16,2348.820068,2368.51001,2344.73999,2366.110107,36803200.0,2366.110107
2012-03-15,2328.530029,2343.98999,2321.389893,2343.97998,23157600.0,2343.97998
2012-03-14,2331.429932,2344.580078,2325.419922,2328.560059,23356200.0,2328.560059
2012-03-13,2297.290039,2326.639893,2292.870117,2320.129883,17277400.0,2320.129883
2012-03-12,2277.310059,2288.290039,2267.820068,2281.080078,20208200.0,2281.080078
2012-03-09,2278.75,2295.919922,2268.030029,2281.899902,22604000.0,2281.899902
2012-03-08,2249.52002,2273.030029,2245.0,2270.469971,30153400.0,2270.469971
2012-03-07,2208.340088,2240.169922,2208.340088,2239.959961,19506400.0,2239.959961
2012-03-06,2271.51001,2273.310059,2209.889893,2209.889893,26756800.0,2209.889893
2012-03-05,2288.780029,2290.949951,2268.139893,2282.25,32038800.0,2282.25
2012-03-02,2290.73999,2303.72998,2279.189941,2295.909912,22588800.0,2295.909912
2012-03-01,2271.969971,2296.909912,2266.340088,2288.649902,18273000.0,2288.649902
2012-02-29,2272.540039,2289.669922,2270.429932,2275.860107,21249400.0,2275.860107
2012-02-28,2261.530029,2272.790039,2251.75,2266.189941,18295200.0,2266.189941
2012-02-27,2254.600098,2258.040039,2233.439941,2253.879883,20686000.0,2253.879883
2012-02-24,2254.75,2264.389893,2251.780029,2262.23999,21096400.0,2262.23999
2012-02-23,2252.370117,2271.23999,2243.370117,2253.149902,20557400.0,2253.149902
2012-02-22,2283.090088,2284.629883,2254.590088,2258.969971,18365200.0,2258.969971
2012-02-21,2305.429932,2305.429932,2273.179932,2287.080078,14065400.0,2287.080078
2012-02-20,2289.120117,2304.330078,2285.389893,2304.330078,19790400.0,2304.330078
2012-02-17,2278.439941,2288.850098,2274.070068,2280.800049,19428400.0,2280.800049
2012-02-16,2213.01001,2259.679932,2202.76001,2258.23999,22103000.0,2258.23999
2012-02-15,2243.399902,2258.830078,2229.040039,2232.610107,19697600.0,2232.610107
2012-02-14,2252.330078,2263.399902,2228.969971,2234.379883,20605800.0,2234.379883
2012-02-13,2246.060059,2260.310059,2246.060059,2258.100098,15236800.0,2258.100098
2012-02-10,2262.530029,2262.629883,2228.419922,2230.780029,24466000.0,2230.780029
2012-02-09,2281.790039,2284.820068,2259.129883,2270.629883,30998200.0,2270.629883
2012-02-08,2286.330078,2295.810059,2279.800049,2280.219971,27887200.0,2280.219971
2012-02-07,2295.179932,2299.800049,2270.459961,2286.26001,15886600.0,2286.26001
2012-02-06,2297.77002,2297.77002,2271.830078,2288.350098,20642000.0,2288.350098
2012-02-03,2268.530029,2304.580078,2263.610107,2304.580078,23852200.0,2304.580078
2012-02-02,2271.840088,2278.02002,2255.189941,2272.120117,30499000.0,2272.120117
2012-02-01,2210.040039,2264.72998,2210.040039,2264.72998,26740200.0,2264.72998
2012-01-31,2209.570068,2223.540039,2197.030029,2206.800049,29157800.0,2206.800049
2012-01-30,2223.699951,2230.389893,2194.870117,2197.080078,19198200.0,2197.080078
2012-01-27,2243.709961,2254.370117,2232.02002,2237.590088,26202200.0,2237.590088
2012-01-26,2211.219971,2252.030029,2211.219971,2252.030029,44860400.0,2252.030029
2012-01-25,2200.790039,2209.929932,2183.860107,2194.530029,15684400.0,2194.530029
2012-01-24,2187.899902,2195.570068,2176.939941,2192.870117,21619600.0,2192.870117
2012-01-23,2197.870117,2211.429932,2193.030029,2205.76001,31121200.0,2205.76001
2012-01-20,2202.0,2208.879883,2182.320068,2199.080078,24783600.0,2199.080078
2012-01-19,2159.909912,2199.459961,2153.47998,2196.629883,36303200.0,2196.629883
2012-01-18,2156.23999,2168.149902,2137.850098,2155.699951,15855200.0,2155.699951
2012-01-17,2146.219971,2168.219971,2139.939941,2157.939941,17753000.0,2157.939941
2012-01-16,2110.429932,2131.639893,2105.129883,2129.300049,12782200.0,2129.300049
2012-01-13,2145.189941,2160.439941,2103.580078,2125.340088,22314600.0,2125.340088
2012-01-12,2133.300049,2156.120117,2123.459961,2137.419922,23602200.0,2137.419922
2012-01-11,2128.360107,2140.320068,2121.860107,2140.320068,18196200.0,2140.320068
2012-01-10,2102.610107,2133.330078,2098.48999,2127.52002,16645800.0,2127.52002
2012-01-09,2098.919922,2104.199951,2076.780029,2082.25,12675800.0,2082.25
2012-01-06,2095.47998,2123.370117,2085.73999,2093.27002,13254000.0,2093.27002
2012-01-05,2128.139893,2128.659912,2087.27002,2096.899902,15338000.0,2096.899902
2012-01-04,2137.219971,2141.399902,2116.169922,2121.110107,14006200.0,2121.110107
2012-01-03,2117.310059,2146.449951,2103.209961,2146.449951,16915000.0,2146.449951
2012-01-02,2086.560059,2117.469971,2081.76001,2114.320068,10862200.0,2114.320068
2011-12-30,2070.98999,2083.419922,2057.72998,2083.419922,9058600.0,2083.419922
2011-12-29,2045.890015,2067.090088,2038.790039,2067.090088,10354000.0,2067.090088
2011-12-28,2051.47998,2066.23999,2040.780029,2043.589966,9103600.0,2043.589966
2011-12-27,2057.48999,2065.399902,2048.830078,2054.22998,7001200.0,2054.22998
2011-12-23,2054.429932,2058.929932,2046.27002,2054.449951,8453000.0,2054.449951
2011-12-22,2031.540039,2052.899902,2031.540039,2040.290039,13159800.0,2040.290039
2011-12-21,2060.560059,2069.639893,2020.930054,2026.319946,24468000.0,2026.319946
2011-12-20,1996.76001,2050.879883,1995.25,2050.120117,20174000.0,2050.120117
2011-12-19,1990.349976,2020.26001,1987.73999,2000.0,21335600.0,2000.0
2011-12-16,2005.72998,2021.280029,1996.589966,2003.569946,46264600.0,2003.569946
2011-12-15,1992.76001,2014.640015,1981.380005,2001.530029,20487400.0,2001.530029
2011-12-14,2023.26001,2033.22998,1984.910034,1986.880005,23750200.0,1986.880005
2011-12-13,2034.209961,2047.780029,2021.180054,2032.199951,20325200.0,2032.199951
2011-12-12,2076.120117,2076.120117,2030.469971,2030.469971,25103000.0,2030.469971
2011-12-09,2033.47998,2078.919922,2032.589966,2078.459961,25122600.0,2078.459961
2011-12-08,2092.25,2097.800049,2036.369995,2044.199951,27709800.0,2044.199951
2011-12-07,2111.330078,2116.709961,2055.320068,2084.679932,22699000.0,2084.679932
2011-12-06,2093.620117,2106.719971,2082.179932,2086.050049,20954200.0,2086.050049
2011-12-05,2103.219971,2128.409912,2100.590088,2117.389893,30416800.0,2117.389893
2011-12-02,2067.850098,2092.209961,2066.97998,2077.149902,26601400.0,2077.149902
2011-12-01,2070.719971,2082.070068,2051.780029,2052.580078,26095600.0,2052.580078
2011-11-30,1989.430054,2076.909912,1984.02002,2073.949951,67327000.0,2073.949951
2011-11-29,2010.5,2017.810059,1982.930054,2007.22998,39403800.0,2007.22998
2011-11-28,1949.5,2008.900024,1949.5,2008.900024,37579000.0,2008.900024
2011-11-25,1918.51001,1932.22998,1894.579956,1920.910034,33161600.0,1920.910034
2011-11-24,1935.359985,1955.829956,1911.619995,1916.26001,39520200.0,1916.26001
2011-11-23,1934.959961,1959.780029,1923.319946,1923.319946,33133600.0,1923.319946
2011-11-22,1964.920044,1976.719971,1946.26001,1946.26001,26619400.0,1946.26001
2011-11-21,2006.030029,2006.030029,1953.97998,1953.97998,26502000.0,1953.97998
2011-11-18,2026.97998,2044.680054,2012.0,2016.76001,24160800.0,2016.76001
2011-11-17,2056.679932,2061.399902,2016.949951,2040.01001,20066400.0,2040.01001
2011-11-16,2061.459961,2088.540039,2051.110107,2062.47998,24801000.0,2062.47998
2011-11-15,2077.850098,2089.139893,2050.649902,2067.879883,18508800.0,2067.879883
2011-11-14,2132.540039,2139.570068,2084.429932,2089.040039,19861400.0,2089.040039
2011-11-11,2072.810059,2126.080078,2066.929932,2122.379883,28816400.0,2122.379883
2011-11-10,2032.569946,2091.030029,2032.52002,2063.909912,41293000.0,2063.909912
2011-11-09,2112.580078,2124.27002,2059.290039,2077.149902,30179800.0,2077.149902
2011-11-08,2086.149902,2125.75,2082.77002,2102.399902,22684200.0,2102.399902
2011-11-07,2070.01001,2096.340088,2046.790039,2080.860107,22351600.0,2080.860107
2011-11-04,2138.719971,2138.780029,2070.919922,2082.01001,29247800.0,2082.01001
2011-11-03,2040.630005,2128.780029,2037.359985,2121.889893,29188200.0,2121.889893
2011-11-02,2079.030029,2088.110107,2047.130005,2070.699951,25151800.0,2070.699951
2011-11-01,2091.689941,2093.360107,2036.109985,2059.300049,37383000.0,2059.300049
2011-10-31,2170.689941,2177.889893,2139.179932,2139.179932,27400800.0,2139.179932
2011-10-28,2226.719971,2232.23999,2186.280029,2199.350098,25635800.0,2199.350098
2011-10-27,2188.75,2221.189941,2183.649902,2220.5,47083400.0,2220.5
2011-10-26,2132.610107,2151.139893,2116.600098,2132.689941,21133400.0,2132.689941
2011-10-25,2154.810059,2167.399902,2116.47998,2133.689941,21980000.0,2133.689941
2011-10-24,2152.689941,2166.01001,2127.800049,2161.639893,20531000.0,2161.639893
2011-10-21,2117.149902,2141.120117,2110.040039,2138.820068,23086000.0,2138.820068
2011-10-20,2111.290039,2130.120117,2096.209961,2096.689941,28627400.0,2096.689941
2011-10-19,2146.719971,2161.939941,2128.639893,2134.219971,30213600.0,2134.219971
2011-10-18,2134.23999,2144.889893,2115.820068,2137.050049,50737400.0,2137.050049
2011-10-17,2211.570068,2232.0,2156.530029,2169.780029,44270800.0,2169.780029
2011-10-14,2182.110107,2212.870117,2180.389893,2203.040039,28253800.0,2203.040039
2011-10-13,2186.47998,2204.179932,2171.800049,2180.22998,28852800.0,2180.22998
2011-10-12,2153.790039,2192.330078,2146.969971,2192.330078,34003400.0,2192.330078
2011-10-11,2178.530029,2179.100098,2152.530029,2164.810059,31613200.0,2164.810059
2011-10-10,2150.639893,2180.800049,2144.889893,2179.73999,53436000.0,2179.73999
2011-10-07,2152.860107,2157.820068,2121.560059,2146.419922,21595800.0,2146.419922
2011-10-06,2123.929932,2158.639893,2115.800049,2155.379883,45564200.0,2155.379883
2011-10-05,2079.590088,2109.899902,2057.0,2109.899902,37640000.0,2109.899902
2011-10-04,2071.560059,2071.560059,2014.23999,2038.839966,56820800.0,2038.839966
2011-10-03,2086.01001,2112.659912,2083.050049,2096.73999,23857400.0,2096.73999
2011-09-30,2158.100098,2158.100098,2110.840088,2131.280029,22886800.0,2131.280029
2011-09-29,2131.360107,2174.870117,2125.610107,2163.129883,24217600.0,2163.129883
2011-09-28,2146.219971,2173.919922,2127.409912,2139.600098,24738600.0,2139.600098
2011-09-27,2106.909912,2153.72998,2098.459961,2153.51001,30144200.0,2153.51001
2011-09-26,2000.339966,2073.790039,1985.579956,2061.909912,28235200.0,2061.909912
2011-09-23,2022.76001,2028.02002,1957.72998,2021.369995,29018800.0,2021.369995
2011-09-22,2066.290039,2068.129883,1999.790039,2002.790039,31841800.0,2002.790039
2011-09-21,2131.320068,2137.639893,2105.159912,2115.870117,19196400.0,2115.870117
2011-09-20,2092.530029,2136.090088,2091.110107,2132.72998,18624800.0,2132.72998
2011-09-19,2110.909912,2127.409912,2095.719971,2100.879883,18540200.0,2100.879883
2011-09-16,2163.540039,2175.290039,2137.649902,2156.389893,40216400.0,2156.389893
2011-09-15,2111.530029,2147.899902,2105.929932,2139.159912,29266600.0,2139.159912
2011-09-14,2054.830078,2098.72998,2050.97998,2096.75,25199600.0,2096.75
2011-09-13,2077.77002,2081.129883,2021.719971,2070.070068,26919200.0,2070.070068
2011-09-12,2073.25,2076.820068,2041.26001,2053.01001,33592200.0,2053.01001
2011-09-09,2173.51001,2184.870117,2114.72998,2117.820068,26535000.0,2117.820068
2011-09-08,2172.639893,2206.590088,2164.949951,2188.790039,20990400.0,2188.790039
2011-09-07,2157.030029,2168.899902,2138.570068,2168.899902,23334200.0,2168.899902
2011-09-06,2105.75,2143.939941,2095.080078,2109.889893,29251400.0,2109.889893
2011-09-05,2176.620117,2180.22998,2113.129883,2117.459961,26244600.0,2117.459961
2011-09-02,2241.870117,2246.929932,2209.01001,2219.709961,21292000.0,2219.709961
2011-09-01,2274.73999,2276.280029,2234.820068,2266.820068,23359800.0,2266.820068
2011-08-31,2221.27002,2271.929932,2208.939941,2267.879883,28163800.0,2267.879883
2011-08-30,2220.139893,2221.449951,2189.370117,2212.610107,18949800.0,2212.610107
2011-08-29,2200.5,2215.580078,2188.48999,2202.590088,15249000.0,2202.590088
2011-08-26,2178.939941,2179.199951,2123.0,2170.949951,24642400.0,2170.949951
2011-08-25,2228.129883,2234.600098,2166.629883,2181.300049,28824400.0,2181.300049
2011-08-24,2157.699951,2211.090088,2130.320068,2200.360107,38271400.0,2200.360107
2011-08-23,2168.219971,2193.280029,2128.98999,2138.51001,21986000.0,2138.51001
2011-08-22,2106.060059,2176.26001,2102.060059,2140.050049,19624600.0,2140.050049
2011-08-19,2141.530029,2155.169922,2081.889893,2118.709961,34226200.0,2118.709961
2011-08-18,2227.449951,2237.389893,2125.409912,2151.959961,34245200.0,2151.959961
2011-08-17,2230.159912,2265.810059,2214.01001,2254.709961,17072200.0,2254.709961
2011-08-16,2273.139893,2273.139893,2214.419922,2246.919922,23932000.0,2246.919922
2011-08-15,2285.080078,2294.76001,2259.679932,2276.409912,17098600.0,2276.409912
2011-08-12,2160.790039,2262.949951,2122.189941,2262.949951,40828800.0,2262.949951
2011-08-11,2141.530029,2151.820068,2045.410034,2144.97998,59276800.0,2144.97998
2011-08-10,2209.959961,2234.629883,2083.530029,2091.73999,61879800.0,2091.73999
2011-08-09,2094.300049,2158.590088,2014.449951,2154.719971,64456200.0,2154.719971
2011-08-08,2144.340088,2209.449951,2096.040039,2096.040039,50248000.0,2096.040039
2011-08-05,2146.570068,2223.120117,2140.840088,2177.909912,59588200.0,2177.909912
2011-08-04,2328.5,2332.01001,2223.669922,2223.669922,40147200.0,2223.669922
2011-08-03,2307.600098,2333.629883,2284.780029,2291.110107,36478000.0,2291.110107
2011-08-02,2377.169922,2381.48999,2329.02002,2330.379883,32284600.0,2330.379883
2011-08-01,2464.659912,2465.51001,2376.560059,2376.560059,30861400.0,2376.560059
2011-07-29,2428.030029,2441.459961,2414.23999,2427.090088,29473200.0,2427.090088
2011-07-28,2444.629883,2458.139893,2422.76001,2455.959961,29619200.0,2455.959961
2011-07-27,2484.419922,2485.219971,2450.439941,2460.879883,29121600.0,2460.879883
2011-07-26,2510.699951,2521.219971,2491.350098,2496.659912,21017000.0,2496.659912
2011-07-25,2499.75,2515.050049,2492.310059,2505.370117,22473200.0,2505.370117
2011-07-22,2529.110107,2535.969971,2508.689941,2522.050049,39489000.0,2522.050049
2011-07-21,2467.070068,2513.159912,2435.850098,2504.77002,39187000.0,2504.77002
2011-07-20,2432.300049,2458.570068,2429.459961,2455.290039,30370800.0,2455.290039
2011-07-19,2390.340088,2408.629883,2389.959961,2402.709961,31847200.0,2402.709961
2011-07-18,2425.449951,2432.73999,2381.530029,2384.120117,24348600.0,2384.120117
2011-07-15,2431.310059,2442.02002,2415.080078,2437.040039,25173200.0,2437.040039
2011-07-14,2451.439941,2460.280029,2437.340088,2439.5,18606800.0,2439.5
2011-07-13,2428.060059,2466.050049,2424.439941,2463.689941,29061200.0,2463.689941
2011-07-12,2432.75,2439.600098,2401.040039,2436.47998,61254600.0,2436.47998
2011-07-11,2510.179932,2516.179932,2461.810059,2466.25,45726000.0,2466.25
2011-07-08,2581.199951,2581.370117,2529.909912,2532.310059,22364400.0,2532.310059
2011-07-07,2564.25,2583.850098,2554.330078,2572.949951,21636400.0,2572.949951
2011-07-06,2569.02002,2570.5,2540.209961,2549.110107,25908200.0,2549.110107
2011-07-05,2595.47998,2595.879883,2570.429932,2571.919922,16118600.0,2571.919922
2011-07-04,2586.330078,2605.719971,2581.97998,2599.870117,12929800.0,2599.870117
2011-07-01,2583.050049,2586.090088,2565.530029,2583.360107,20660200.0,2583.360107
2011-06-30,2568.199951,2572.580078,2545.659912,2572.580078,23604800.0,2572.580078
